COD_SYS,NM_SYS,CODIGO,DESCRICAO,CONVENIO_DEPARA,TP_CONVENIO
1,TASY,0,AFEB,Afeb/Brasal,Convenio
1,TASY,0,AFFEGO,Affego,Convenio
1,TASY,0,Afresp,AFRESP,Convenio
1,TASY,0,Allianz Saúde AGF,Allianz AGF,Convenio
1,TASY,0,Allianz Worldwide Care,Allianz World Wide,Convenio
1,TASY,0,AMBEP - Associação de Mantenedores Beneficiários da Petrobrás,Ambep,Convenio
1,TASY,0,AMHP/DF,AMHPDF,Convenio
1,TASY,0,Amil,Amil,Convenio
1,TASY,0,Clube De Benefícios Asa - Asaclub,Asaclub,Convenio
1,TASY,0,ASPDF,ASP,Convenio
1,TASY,0,Assefaz,Assefaz,Convenio
1,TASY,0,Bacen,Bacen,Convenio
1,TASY,0,BNDES - FAPES,Bndes,Convenio
1,TASY,0,Corpo de Bombeiros Militar do Distrito Federal,Bombeiros,Convenio
1,TASY,0,Petrobrás Distribuidora S.A.,BR Distribuidora,Convenio
1,TASY,0,Bradesco Saúde ,Bradesco,Convenio
1,TASY,0,Bradesco Operadora de Planos,Bradesco,Convenio
1,TASY,0,BRB Saúde,BRB,Convenio
1,TASY,0,CAADF,CAADF,Convenio
1,TASY,0,Precaaver - CAADF,CAADF,Convenio
1,TASY,0,CAASP,CAASP,Convenio
1,TASY,0,CABE,Cabe,Convenio
1,TASY,0,Caeso - Caesb Esportiva E Social,Caesb,Convenio
1,TASY,0,CAPESESP,Capesesp,Convenio
1,TASY,0,Cabesp,Capesesp,Convenio
1,TASY,0,Care Plus Medicina Assistencial LTDA,Care Plus,Convenio
1,TASY,0,Casembrapa,Casembrapa,Convenio
1,TASY,0,Cassab,Cassab,Convenio
1,TASY,0,Cassi,CASSI,Convenio
1,TASY,0,Fundação CESP,Cesp,Convenio
1,TASY,0,Cetesb,Cetesb,Convenio
1,TASY,0,CIFAIS,Cifais,Convenio
1,TASY,0,Cigna/Vanbreda,Cigna,Convenio
1,TASY,0,Codevasf - CASEC,Codevasf,Convenio
1,TASY,0,CONAB,Conab,Convenio
1,TASY,0,Cruz Azul,CRUZ AZUL,Convenio
1,TASY,0,Dr de Todos,Dr. de Todos,Particular
1,TASY,0,Embratel,Embratel,Convenio
1,TASY,0,Pame,Embratel,Convenio
1,TASY,0,Telos,Embratel,Convenio
1,TASY,0,E-Vida,E-Vida,Convenio
1,TASY,0,Faceb,Faceb,Convenio
1,TASY,0,Fascal ,Fascal,Convenio
1,TASY,0,Frao,FRAO,Convenio
1,TASY,0,Fusex,Fusex,Convenio
1,TASY,0,Gama Saúde,Gama,Convenio
1,TASY,0,Geap,Geap,Convenio
1,TASY,0,Golden Cross,Golden,Convenio
1,TASY,0,Grupo Santa,Grupo Santa,Convenio
1,TASY,0,HFA -  Hospital das Forças Armadas,HFA,Convenio
1,TASY,0,HFAB - Hospital de Força Aérea de Brasília,HFAB,Convenio
1,TASY,0,Hospital Externo,Hospital Externo,Convenio
1,TASY,0,Hospital Naval de Brasília,Hospital Naval,Convenio
1,TASY,0,Infraero,Infraero,Convenio
1,TASY,0,Interclinicas,Interclinicas,Convenio
1,TASY,0,LEVE SAUDE,Leve Saúde,Convenio
1,TASY,0,Life Empresarial,Life Empresarial,Convenio
1,TASY,0,MAIS POP,MAIS POP,Convenio
1,TASY,0,Mapfre Assistência,Mapfre Assistencia,Convenio
1,TASY,0,Mapfre Saúde,Mapfre Saúde,Convenio
1,TASY,0,Vitallis,Medisanitas,Convenio
1,TASY,0,Mediservice,Mediservice,Convenio
1,TASY,0,METRUS,Metrus,Convenio
1,TASY,0,Plan Assiste MPF,MPF,Convenio
1,TASY,0,Plan Assiste MPDFT,MPF,Convenio
1,TASY,0,Plan Assiste MPM,MPM,Convenio
1,TASY,0,Plan Assiste MPT,MPT,Convenio
1,TASY,0,Notre Dame,Notre Dame,Convenio
1,TASY,0,Intermédica,Notre Dame,Convenio
1,TASY,0,INTERMÉDICA ADVANCE 700 CARE (HOME/HOBA),Notre Dame,Convenio
1,TASY,0,Omint Saúde,Omint,Convenio
1,TASY,0,Particular,Particular,Particular
1,TASY,0,SESC,Particular,Particular
1,TASY,0,Óticas Diniz,Particular,Particular
1,TASY,0,Masterclin,Particular,Particular
1,TASY,0,CRA/DF,Particular,Particular
1,TASY,0,Embaixada do Senegal,Particular,Particular
1,TASY,0,Dr. Vis,Particular,Particular
1,TASY,0,ÓTICA MERCADÃO DOS ÓCULOS,Particular,Particular
1,TASY,0,OTICA VOOX ,Particular,Particular
1,TASY,0,Central da Visão,Particular,Particular
1,TASY,0,AFEB/BRASAL -PGTO,Particular,Particular
1,TASY,0,Petrobrás - Petróleo Brasileiro,Petroleo,Convenio
1,TASY,0,Plan Saúde Assistência Médica,Plan Saude,Convenio
1,TASY,0,PMDF,PM,Convenio
1,TASY,0,POP,Popular,Popular
1,TASY,0,Porto Seguro,Porto Seguro,Convenio
1,TASY,0,Postal Saúde/ ECT,Postal,Convenio
1,TASY,0,Prevent Senior  ,PREVENT SENIOR  ,Convenio
1,TASY,0,Proasa,Proasa,Convenio
1,TASY,0,Saf Prime Serviços de Assistência Familiar Ltda,Saf Prime,Convenio
1,TASY,0,CEF - Caixa Econômica Federal,Saúde Caixa,Convenio
1,TASY,0,SBC Saude,SBC SAUDE,Convenio
1,TASY,0,Serpro,Serpro,Convenio
1,TASY,0,SINASA,Sinasa,Convenio
1,TASY,0,Unafisco/ Sindifisco,Sindifisco,Convenio
1,TASY,0,SOLIDA - Livre Escolha,SOLIDA - LIVRE ESCOLHA,Convenio
1,TASY,0,Sompo Saude,Sompo Saúde,Convenio
1,TASY,0,STF Med,STF,Convenio
1,TASY,0,STJ (Pro-ser),STJ,Convenio
1,TASY,0,STM - PLAS/JMU,STM,Convenio
1,TASY,0,Sul América,Sulamerica,Convenio
1,TASY,0,Sus - Sistema Único De Saúde,SUS,SUS
1,TASY,0,TJDFT ( Pró-Saúde ),TJDF,Convenio
1,TASY,0,Top Life - SALUTE,Top Life,Convenio
1,TASY,0,TRE Saúde,TRE,Convenio
1,TASY,0,TRF 1ª Região (Pro-social),TRF,Convenio
1,TASY,0,TRT Saúde,TRT,Convenio
1,TASY,0,TST Saúde,TST,Convenio
1,TASY,0,Ubs - União Brasileira De Saúde ,UBS,Convenio
1,TASY,0,CNU - Central Nacional Unimed,Unimed CNU,Convenio
1,TASY,0,Unimed Seguros,Unimed Seguros,Convenio
1,TASY,0,VALE SAÚDE ,Vale Saúde,Convenio
1,TASY,0,Valec,Valec,Convenio
1,TASY,0,SUL AMÉRICA REDE EXCLUSIVA,Sulamérica Capitation,Convenio
1,TASY,0,AMIL CAPTATION,Amil Capitation,Convenio
3,CG,1,PARTICULAR,Particular,Convenio
3,CG,2,AFFEGO,AFFEGO,Convenio
3,CG,3,AAFIT - PGTO NO ATO,Particular,Convenio
3,CG,7,ASFUB,ASFUB,Convenio
3,CG,9,BACEN,Bacen,Convenio
3,CG,10,CODEVASF,Codevasf,Convenio
3,CG,11,CASSI,Cassi,Convenio
3,CG,14,CABESP,Capesaude,Convenio
3,CG,17,CONAB,Conab,Convenio
3,CG,18,ECT DIR. REGIONAL,Postal Saude,Convenio
3,CG,19,CASEMBRAPA,Casembrapa,Convenio
3,CG,20,FACEB,Faceb,Convenio
3,CG,21,FASCAL,Fascal,Convenio
3,CG,23,VALEC,Valec,Convenio
3,CG,24,INFRAERO SEDE,Infraero,Convenio
3,CG,25,PRO SAUDE - TJDF,Pro Saude - TJDF,Convenio
3,CG,26,PETROLEO,Petroleo,Convenio
3,CG,27,PLAN-ASSISTE/MPF,MPF,Convenio
3,CG,28,PLAN-ASSISTE MPDFT,MPF,Convenio
3,CG,29,PLAN-ASSISTE/MPT,MPT,Convenio
3,CG,30,PLAN-ASSISTE/MPM,MPM,Convenio
3,CG,31,PRO-SER/STJ,STJ,Particular
3,CG,32,TRF- 1ª REGIAO,TRF,Particular
3,CG,34,BRB SAÚDE,BRB,Convenio
3,CG,35,SIS,Saude Caixa,Particular
3,CG,37,SINDIFISCO,Sindifisco,Convenio
3,CG,39,TRE-DF,TRE-DF,Convenio
3,CG,41,STF / SAUDE CAIXA,Saude Caixa,Convenio
3,CG,42,TRT,TRT,Convenio
3,CG,43,TRF / SAUDE CAIXA,Saude Caixa,Convenio
3,CG,44,CAIXA ECONOMICA-CEF,Saude Caixa,Convenio
3,CG,45,PRO-SAUDE CD,Saude Caixa,Convenio
3,CG,46,PETROBRAS,BR Distribuidora,Convenio
3,CG,49,ASSEFAZ,Assefaz,Convenio
3,CG,50,MAPFRE SAUDE,Mapfre,Convenio
3,CG,58,BRADESCO INDIVIDUAL,Bradesco,Convenio
3,CG,66,E-VIDA,E-Vida,Convenio
3,CG,71,BNDES / FAPES,BNDES/FAPES,Convenio
3,CG,78,EMBRATEL,Embratel,Convenio
3,CG,80,UNIMED SEGUROS,Unimed Seguros,Convenio
3,CG,83,AFEB/BRASAL,Afeb/Brasal,Particular
3,CG,93,SUL AMERICA,Sulamerica,Particular
3,CG,97,GOB-GRANDE ORIE PART,Gob-Grande Orie Part,Convenio
3,CG,98,GEAP,Geap,Convenio
3,CG,99,FUSEX,Fusex,Convenio
3,CG,101,PROASA,Proasa,Particular
3,CG,103,CBM BOMBEIROS,Bombeiro,Convenio
3,CG,110,Cigna/Vanbreda,Cigna,Convenio
3,CG,113,ASP-DF,ASP,Convenio
3,CG,118,SIS / SAUDE CAIXA,Saude Caixa,Particular
3,CG,120,AMHPDF,AMHPDF,Convenio
3,CG,122,HOSPITAL NAVAL,Hospital Naval,Convenio
3,CG,123,CAIXA DE ASSISTÊNCIA DOS ADVOGADOS DO DF - CAADF,CAADF,Convenio
3,CG,124,Saf Prime Serviços de Assistência Familiar Ltda,Saf Prime,Particular
3,CG,125,PLAS-JMU / STM,STM,Particular
3,CG,126,CASSAB AER PARTICULA,Particular,Convenio
3,CG,129,HFAB,HFAB,Convenio
3,CG,133,ALLIANZ SAUDE AGF,Allianz,Convenio
3,CG,135,MEDISERVICE,Bradesco,Convenio
3,CG,136,SUL AMERICA INDIV.,Sulamerica,Convenio
3,CG,138,LIFE EMPRESARIAL,Life Empresarial,Convenio
3,CG,139,BRADESCO EMPRESARIAL,Bradesco,Convenio
3,CG,150,AMBEP - PGTO NO ATO,Particular,Convenio
3,CG,158,HFA,HFA,Convenio
3,CG,159,GAMA SAUDE,Gama Saúde,Convenio
3,CG,160,NOTRE DAME,Notre Dame Intermedica,Convenio
3,CG,174,CAPESAUDE,Capesaude,Convenio
3,CG,175,TST,TST,Convenio
3,CG,200,CNU,CNU,Convenio
3,CG,201,OTICAS DINIZ,Particular,Particular
3,CG,204,PORTO SEGURO,Porto Seguro,Convenio
3,CG,207,AMIL ASSISTENCIA,Amil,Convenio
3,CG,210,AMIL PLANOS,Amil,Convenio
3,CG,212,PAME,Embratel,Convenio
3,CG,213,TELOS,Embratel,Convenio
3,CG,215,STF,STF,Convenio
3,CG,217,PM - DF,PM,Convenio
3,CG,218,POSTAL SAUDE,Postal Saude,Particular
3,CG,219,SERPRO,Serpro,Convenio
3,CG,220,CIFAIS,Cifais,Convenio
3,CG,221,CONAB PERIODICO,Conab,Convenio
3,CG,225,ALLIANZ - PAGTO ATO,Allianz,Convenio
3,CG,230,POP - HOB,Particular,Convenio
3,CG,250,TRF- JUSTICA FEDERAL,TRF,Convenio
3,CG,251,BACEN PERIODICO,Bacen,Convenio
3,CG,285,GRUPO SANTA,Grupo Santa,Convenio
3,CG,286,STJ PGT NO ATO,Particular,Convenio
3,CG,301,PARTICULAR PARCEIRO,Medicos Parceiros,Convenio
3,CG,343,SESC - PGTO NO ATO,Particular,Convenio
3,CG,344,BRB SAUDE PERIODICO,BRB,Convenio
3,CG,345,INTERMEDICA SISTEMA,Notre Dame Intermedica,Convenio
3,CG,351,CIGNA - VANBREDA,Cigna,Convenio
3,CG,555,AFEB/BRASAL -PGTO,Particular,Convenio
3,CG,988,GEAP - PERIODICO,Geap,Convenio
3,CG,996,FRAO,Particular,Convenio
3,CG,999,CORTESIA,Particular,Convenio
3,CG,2301,EMBAIXADA SENEGAL,Embaixada Senegal,Convenio
3,CG,2445,OMINT,Omint,Convenio
2,SMART,43,1 BRADES EMP/ 370410,Bradesco,Convenio
2,SMART,43,1 BRADESCO EMP H/RV,Bradesco,Convenio
2,SMART,0,1TESTE PARA AJUSTE,Ajuste,Convenio
2,SMART,43,2 BRADE IND RV370410,Bradesco,Convenio
2,SMART,43,2 BRADESCO IND. H/RV,Bradesco,Convenio
2,SMART,319,2BETTER CONSULTORIA,Associações,Popular
2,SMART,43,3 BRA PRE EMP 370410,Bradesco,Convenio
2,SMART,43,3 BRAD PREF EMP H/RV,Bradesco,Convenio
2,SMART,43,5 BRADESCO EMP. AMB,Bradesco,Convenio
2,SMART,43,5 BRADESCO EMP460028,Bradesco,Convenio
2,SMART,43,6 BRADESCO IND. AMB,Bradesco,Convenio
2,SMART,43,6 BRADESCO IND460028,Bradesco,Convenio
2,SMART,3,ABAP,Associações,Popular
2,SMART,4,ABET,ABET,Convenio
2,SMART,197,ACAO SALVADOR NORTE,Associações,Popular
2,SMART,5,ACAO SOCIAL,Associações,Popular
2,SMART,5,AÇÃO SOCIAL,Associações,Popular
2,SMART,6,ACEMT,ACEMT,Convenio
2,SMART,727,ADM LOPES E ARCIERI,Associações,Popular
2,SMART,7,AERONAUTICA,Aeronautica,Convenio
2,SMART,12,AGEMED SAUDE,Agemed,Convenio
2,SMART,13,AGF,AGF,Convenio
2,SMART,14,AGUIA BRANCA,Aguia Branca,Convenio
2,SMART,197,AJUSTE DE REPASSE,Particular,Particular
2,SMART,0,AJUSTE DE REPASSE EM,Particular,Particular
2,SMART,0,AJUSTE DE REPASSE EM (004),Particular,Particular
2,SMART,737,ALIANÇA SAUDE,Cartão Aliança,Particular
2,SMART,737,ALIANÇA SAUDE (150),Cartão Aliança,Particular
2,SMART,15,ALLIANZ SAUDE,Allianz,Convenio
2,SMART,15,ALLIANZ SAUDE (130),Allianz,Convenio
2,SMART,15,ALLIANZ SEGUROS S.A,Allianz,Convenio
2,SMART,18,AMB(DESCONTO),Ambep,Convenio
2,SMART,18,AMBEP,Ambep,Convenio
2,SMART,30,AMBEP (33 ),Ambep,Convenio
2,SMART,18,AMBEP-PETROS,Ambep,Convenio
2,SMART,18,AMBEP-PETROS (AMB),Ambep,Convenio
2,SMART,19,AMEX SAUDE,Amex Saude,Convenio
2,SMART,22,AMI SAUDE,Amil,Convenio
2,SMART,22,AMIL,Amil,Convenio
2,SMART,22,AMIL  10071423,Amil,Convenio
2,SMART,22,AMIL (190),Amil,Convenio
2,SMART,22,AMIL 100 AO 450,Amil,Convenio
2,SMART,22,AMIL 100 AO 450 (AM1),Amil,Convenio
2,SMART,22,AMIL 100 AO 450 (AMS),Amil,Convenio
2,SMART,22,AMIL 10071423,Amil,Convenio
2,SMART,22,AMIL 500 AO 6500,Amil,Convenio
2,SMART,22,AMIL 500 AO 6500 (21 ),Amil,Convenio
2,SMART,22,AMIL 500 AO 6500 (2B ),Amil,Convenio
2,SMART,22,AMIL 672281-4,Amil,Convenio
2,SMART,22,AMIL PLANOS,Amil,Convenio
2,SMART,22,AMIL PLANOS (32 ),Amil,Convenio
2,SMART,22,AMIL SAUDE,Amil,Convenio
2,SMART,23,AMPARE - ASSOCIACAO,Associações,Popular
2,SMART,18,AMPEB,Associações,Popular
2,SMART,25,APOSCHESF,Aposchesf,Convenio
2,SMART,27,APUB 282,APUB,Convenio
2,SMART,29,ASFAL,ASFAL,Convenio
2,SMART,30,ASFEB,Asfeb,Convenio
2,SMART,30,ASFEB (2  ),Asfeb,Convenio
2,SMART,30,ASFEB (ASF),Asfeb,Convenio
2,SMART,33,ASSEFAZ,Assefaz,Convenio
2,SMART,33,ASSEFAZ (47 ),Assefaz,Convenio
2,SMART,33,ASSEFAZ (ASS),Assefaz,Convenio
2,SMART,35,ASSOC DIACONOS BATIS,Associações,Popular
2,SMART,36,ASSOCIACAO JEQUITIBA,Associações,Popular
2,SMART,210,ASSOCIACAO PLANSUL,Plansul,Convenio
2,SMART,210,ASSOCIACAO PLANSUL (PLS),Plansul,Convenio
2,SMART,36,ASSOCIAÇÃO PM/CBM-AL,Associações,Popular
2,SMART,37,ASTAP,Associações,Popular
2,SMART,37,ASTAP (AST),Associações,Popular
2,SMART,753,AXA ASSISTANCE,Axa Assistance,Convenio
2,SMART,38,BANCO CENTRAL,Bacen,Convenio
2,SMART,38,BANCO CENTRAL (BAC),Bacen,Convenio
2,SMART,192,BIBOCA OFICINA,Associações,Popular
2,SMART,661,BOMCARD,Associações,Popular
2,SMART,43,BRAD PREF EMP MPLAZA,Bradesco,Convenio
2,SMART,43,BRAD PREF IND MPLAZA,Bradesco,Convenio
2,SMART,43,BRADES OP EMP MPLAZA,Bradesco,Convenio
2,SMART,43,BRADES OP IND MPLAZA,Bradesco,Convenio
2,SMART,43,BRADESCO EMP BARRIS,Bradesco,Convenio
2,SMART,43,BRADESCO EMP BARRIS (25 ),Bradesco,Convenio
2,SMART,43,BRADESCO EMP MPLAZ,Bradesco,Convenio
2,SMART,43,BRADESCO EMP MPLAZA,Bradesco,Convenio
2,SMART,43,BRADESCO EMP VILAS,Bradesco,Convenio
2,SMART,43,BRADESCO EMP VILAS (300),Bradesco,Convenio
2,SMART,43,BRADESCO EMPRESA,Bradesco,Convenio
2,SMART,43,BRADESCO FUNC HOSL,Bradesco,Convenio
2,SMART,43,BRADESCO IND BARRIS,Bradesco,Convenio
2,SMART,43,BRADESCO IND BARRIS (206),Bradesco,Convenio
2,SMART,43,BRADESCO IND MPLAZA,Bradesco,Convenio
2,SMART,43,BRADESCO IND VILAS,Bradesco,Convenio
2,SMART,43,BRADESCO IND VILAS (41 ),Bradesco,Convenio
2,SMART,43,BRADESCO INDIVIDUAL,Bradesco,Convenio
2,SMART,43,BRADESCO NACIONAL FL,Bradesco,Convenio
2,SMART,43,BRADESCO OP EMP BARR,Bradesco,Convenio
2,SMART,43,BRADESCO OP EMP BARR (V  ),Bradesco,Convenio
2,SMART,43,BRADESCO OP EMP VILA (X  ),Bradesco,Convenio
2,SMART,43,BRADESCO OPE EMP,Bradesco,Convenio
2,SMART,43,BRADESCO OPE EMP (1U ),Bradesco,Convenio
2,SMART,43,BRADESCO OPERA  INDV,Bradesco,Convenio
2,SMART,43,BRADESCO OPERA  INDV (1R ),Bradesco,Convenio
2,SMART,43,BRADESCO OPERA EMPR,Bradesco,Convenio
2,SMART,43,BRADESCO OPERA EMPR (1Q ),Bradesco,Convenio
2,SMART,43,BRADESCO PREFER EMP,Bradesco,Convenio
2,SMART,43,BRADESCO PREFER IND,Bradesco,Convenio
2,SMART,43,BRADESCO RP EMP B,Bradesco,Convenio
2,SMART,43,BRADESCO RP EMP B (101),Bradesco,Convenio
2,SMART,43,BRADESCO RP EMPRESA,Bradesco,Convenio
2,SMART,43,BRADESCO RP IND B,Bradesco,Convenio
2,SMART,43,BRADESCO RP IND B (207),Bradesco,Convenio
2,SMART,43,BRADESCO RP INDIVIDU,Bradesco,Convenio
2,SMART,43,BRADESCO SAUDE EMPRE,Bradesco,Convenio
2,SMART,43,BRADESCO SAÚDE EMPRE,Bradesco,Convenio
2,SMART,43,BRADESCO SAUDE EMPRE (BRA),Bradesco,Convenio
2,SMART,43,BRADESCO SAUDE INDIV,Bradesco,Convenio
2,SMART,43,BRADESCO SAÚDE INDIV,Bradesco,Convenio
2,SMART,43,BRADESCO SAUDE INDIV (BOI),Bradesco,Convenio
2,SMART,43,BRADESCO SAUDE REEMB,Bradesco,Convenio
2,SMART,740,BRASKEM OFTALMOLOGIA,Braskem,Convenio
2,SMART,191,BSM OCULOS,Associações,Popular
2,SMART,191,BSM OCULOS (BSM),Óticas,Popular
2,SMART,45,CAAB,Associações,Popular
2,SMART,45,CAAB (CAA),CAAB,Convenio
2,SMART,197,CAAB OAB DIRETO,CAAB,Convenio
2,SMART,45,CAAB OAB DIRETO (116),CAAB,Convenio
2,SMART,50,CAMED,Camed,Convenio
2,SMART,50,CAMED (50 ),Camed,Convenio
2,SMART,50,CAMED (CAM),Camed,Convenio
2,SMART,50,CAMED BARRIS,Camed,Convenio
2,SMART,50,CAMED BARRIS (200),Camed,Convenio
2,SMART,50,CAMED ON LINE,Camed,Convenio
2,SMART,50,CAMED ON LINE (CM2),Camed,Convenio
2,SMART,50,CAMED SAUDE,Camed,Convenio
2,SMART,50,CAMED SAUDE(38569-7),Camed,Convenio
2,SMART,50,CAMED VILAS,Camed,Convenio
2,SMART,50,CAMED VILAS (121),Camed,Convenio
2,SMART,197,CAMPANHA,Associações,Popular
2,SMART,197,CAMPANHA UNIJORGE,Associações,Popular
2,SMART,53,CANDEIAS SAUDE,Candeias,Popular
2,SMART,53,CANDEIAS SAUDE (17 ),Candeias,Popular
2,SMART,53,CANDEIAS SAUDE (CSL),Candeias,Popular
2,SMART,54,CAPE SESP,Capesesp,Convenio
2,SMART,55,CAPESAUDE,Capesesp,Convenio
2,SMART,55,CAPESAUDE (51 ),Capesaude,Convenio
2,SMART,55,CAPESAUDE (CAP),Capesaude,Convenio
2,SMART,54,CAPESESP,Capesesp,Convenio
2,SMART,197,CARTÃO,Associações,Popular
2,SMART,737,CARTAO ALIANCA,Cartão Aliança,Particular
2,SMART,59,CASEMBRAPA,Casembrapa,Convenio
2,SMART,60,CASSEB,Casseb,Convenio
2,SMART,60,CASSEB  010662,Casseb,Convenio
2,SMART,61,CASSI,CASSI,Convenio
2,SMART,61,CASSI - 533050,CASSI,Convenio
2,SMART,61,CASSI (5  ),CASSI,Convenio
2,SMART,61,CASSI (7  ),CASSI,Convenio
2,SMART,61,CASSI ADMISSIONAL,CASSI,Convenio
2,SMART,61,CASSI FAMILIA PRE-PA,CASSI,Convenio
2,SMART,197,CBHPM 2014,Associações,Popular
2,SMART,197,CC BRA IND RV370410,Bradesco,Convenio
2,SMART,43,CC BRA OP EMP 370410,Bradesco,Convenio
2,SMART,43,CC BRA OP EMP 460028,Bradesco,Convenio
2,SMART,43,CC BRA OP IND 460028,Bradesco,Convenio
2,SMART,197,CC BRA PRE EMP 37041,Bradesco,Convenio
2,SMART,43,CC BRADES EMP/370410,Bradesco,Convenio
2,SMART,43,CC BRADESC EMP460028,Bradesco,Convenio
2,SMART,43,CC BRADESC IND460028,Bradesco,Convenio
2,SMART,192,CDL CAM DIRI LOJ ITB,Associações,Popular
2,SMART,2,CE AAPESBA,Associações,Popular
2,SMART,19,CE AMEX SAUDE,Amex Saude,Convenio
2,SMART,22,CE AMIL 100 AO 450,Amil,Convenio
2,SMART,22,CE AMIL 100 AO 450 (E86),Amil,Convenio
2,SMART,22,CE AMIL 500 AO 6500,Amil,Convenio
2,SMART,22,CE AMIL 500 AO 6500 (2A ),Amil,Convenio
2,SMART,22,CE AMIL ASSIST,Amil,Convenio
2,SMART,344,CE AMPEB (AMP),Ambep,Convenio
2,SMART,26,CE APOVEL,Associações,Popular
2,SMART,26,CE APOVEL  (AP1),Apovel,Popular
2,SMART,43,CE BRADESCO OP EMP,Bradesco,Convenio
2,SMART,50,CE CAMED,Camed,Convenio
2,SMART,50,CE CAMED (501),Camed,Convenio
2,SMART,197,CE CAMPANHA,Associações,Popular
2,SMART,197,CE CAMPANHA (CCD),Associações,Popular
2,SMART,55,CE CAPESAUDE,Capesesp,Convenio
2,SMART,60,CE CASSEB,Casseb,Convenio
2,SMART,61,CE CASSI,CASSI,Convenio
2,SMART,61,CE CASSI (585),CASSI,Convenio
2,SMART,62,CE CDL,Associações,Popular
2,SMART,62,CE CDL (CDL),Associações,Popular
2,SMART,78,CE CMPI,CPMI,Convenio
2,SMART,80,CE COELBA NORDESTE,Coelba,Convenio
2,SMART,80,CE COELBA PERIODICO,Coelba,Convenio
2,SMART,81,CE COLABORAD FAMILIA,Colaborador Familia,Particular
2,SMART,81,CE COLABORAD FAMILIA (CO2),Colaborador Familia,Particular
2,SMART,672,CE CONV DAY PARCEIRO,Day Parceiro PF,Convenio PF
2,SMART,86,CE CORTESIA,Cortesia,Particular
2,SMART,86,CE CORTESIA (C50),Cortesia,Particular
2,SMART,724,CE DAYHORC PRA VOCE,Mais Pop,Popular
2,SMART,215,CE DAYHORC VOCE,Mais Pop,Popular
2,SMART,230,CE EMBASA  PROMEDICA,Promedica,Convenio
2,SMART,230,CE EMBASA  PROMEDICA (PE3),Promedica,Convenio
2,SMART,99,CE EUNAPOLITANA,Uniapolitana,Convenio
2,SMART,102,CE EXPRESSO BR ASSIS,Expresso BR,Convenio
2,SMART,102,CE EXPRESSO BR ASSIS (E46),Expresso BR,Popular
2,SMART,102,CE EXPRESSO BR OCUPA,Expresso BR,Convenio
2,SMART,104,CE FACHESF,Fachesf,Convenio
2,SMART,104,CE FACHESF (C43),Fachesf,Convenio
2,SMART,108,CE FAZENDA BATALHA,Associações,Popular
2,SMART,122,CE GAMA SAUDE,Gama,Convenio
2,SMART,122,CE GAMA SAUDE (EGM),Gama,Convenio
2,SMART,123,CE GEAP,Geap,Convenio
2,SMART,123,CE GEAP (E13),GEAP,Convenio
2,SMART,126,CE GOLD CROSS BAS RE,Golden,Convenio
2,SMART,129,CE HAPVIDA,Hapvida,Convenio
2,SMART,129,CE HAPVIDA PRÉ-PAGO,Associações,Popular
2,SMART,129,CE HAPVIDA PRÉ-PAGO (1P ),Hapvida,Convenio
2,SMART,674,CE HOSPITAL REGIONAL,Hosp. Regional PF,Convenio PF
2,SMART,186,CE INTER CARDE,Notre Dame,Convenio
2,SMART,186,CE INTER CARDE (1Q ),Notre Dame,Convenio
2,SMART,157,CE LIFE SAUDE,Life,Convenio
2,SMART,322,CE MAIS POP,Mais Pop,Popular
2,SMART,171,CE MEDTRAB,Medtrab,Convenio
2,SMART,171,CE MEDTRAB (994),Medtrab,Popular
2,SMART,173,CE METRA,Metra,Convenio
2,SMART,173,CE METRA  (E98),Metra,Popular
2,SMART,179,CE MPE,MPE,Particular
2,SMART,179,CE MPE (A59),MPE,Particular
2,SMART,183,CE MULTI SAUDE,Multi Saude,Convenio
2,SMART,185,CE NORDESTE INTERMED,Nordeste Saude,Convenio
2,SMART,186,CE NOTREDAME,Notre Dame,Convenio
2,SMART,187,CE ODONTO INTERMEDIO,Associações,Popular
2,SMART,187,CE ODONTO INTERMEDIO (ODO),Odonto Intermedio,Popular
2,SMART,191,CE OTICA NOV OLHAR P,Óticas,Popular
2,SMART,191,CE OTICA NOVA VISAO,Óticas,Popular
2,SMART,191,CE OTICA NOVA VISAO (ONV),Óticas,Popular
2,SMART,197,CE OTICA NOVO OLHAR,Óticas,Popular
2,SMART,197,CE PART. APOSENTADO,Particular,Particular
2,SMART,197,CE PART. APOSENTADO (E  ),Particular,Particular
2,SMART,197,CE PARTICULAR AVISTA,Particular,Particular
2,SMART,197,CE PARTICULAR AVISTA (F15),Particular,Particular
2,SMART,1,CE PCE - SUS,SUS,SUS
2,SMART,200,CE PETROBRAS S/A,Petrobras,Convenio
2,SMART,200,CE PETROBRAS S/A (253),Petrobras PF,Convenio PF
2,SMART,209,CE PLAN SERV,Planserv,Convenio
2,SMART,209,CE PLAN SERV (200),Planserv,Convenio
2,SMART,209,CE PLANSERV,Planserv,Convenio
2,SMART,217,CE POSTAL SAUDE,Postal,Convenio
2,SMART,217,CE POSTAL SAUDE (POS),Postal,Convenio
2,SMART,219,CE PREF MUN SAL DIVI,Prefeitura,Popular
2,SMART,230,CE PROMEDICA,Promedica,Convenio
2,SMART,230,CE PROMEDICA (545),Promedica,Convenio
2,SMART,239,CE SAMP SAUDE,Samp Saude,Convenio
2,SMART,43,CE SAUDE BRADESCO EM,Bradesco,Convenio
2,SMART,43,CE SAUDE BRADESCO EM (F11),Bradesco,Convenio
2,SMART,43,CE SAUDE BRADESCO IN,Bradesco,Convenio
2,SMART,245,CE SAUDE CAIXA,Saude Caixa,Convenio
2,SMART,245,CE SAUDE CAIXA (CEC),Saude Caixa,Convenio
2,SMART,197,CE SAUDE CARD,Parcerias,Particular
2,SMART,255,CE SESI,Sesi,Particular
2,SMART,312,CE SINTESI,Parcerias,Particular
2,SMART,312,CE SINTESI (401),Sintesi,Popular
2,SMART,268,CE SUASSUÍ,Suassui,Convenio
2,SMART,270,CE SUL AMERICA EMP,Sulamerica,Convenio
2,SMART,270,CE SUL AMERICA EMP (ESA),Sulamerica,Convenio
2,SMART,270,CE SUL AMERICA IND,Sulamerica,Convenio
2,SMART,1,CE SUS,SUS,SUS
2,SMART,1,CE SUS - GLAUCOMA,SUS,SUS
2,SMART,1,CE SUS - PORTO SEGUR,SUS,SUS
2,SMART,1,CE SUS MEDEIROS NETO,SUS,SUS
2,SMART,1,CE SUS TEIXEIRA,SUS,SUS
2,SMART,291,CE UNI ALAILSON BRIT,Unimed PF,Convenio PF
2,SMART,291,CE UNI ALCIVAN RODRI,Unimed PF,Convenio PF
2,SMART,291,CE UNIMED  ALCIVAN,Unimed PF,Convenio PF
2,SMART,291,CE UNIMED  ALCIVAN (A20),Unimed PF,Convenio PF
2,SMART,291,CE UNIMED  JOAO LUIZ,Unimed PF,Convenio PF
2,SMART,291,CE UNIMED  POLIANA,Unimed PF,Convenio PF
2,SMART,291,CE UNIMED  VICTOR,Unimed PF,Convenio PF
2,SMART,291,CE UNIMED  VICTOR (A45),Unimed PF,Convenio PF
2,SMART,291,CE UNIMED AUGUSTO,Unimed PF,Convenio PF
2,SMART,291,CE UNIMED AUGUSTO (A23),Unimed PF,Convenio PF
2,SMART,291,CE UNIMED CRISTIAME,Unimed PF,Convenio PF
2,SMART,285,CE UNIMED DAY HORC,Unimed Seguros,Convenio
2,SMART,291,CE UNIMED DAY HORC (C49),Unimed PF,Convenio PF
2,SMART,291,CE UNIMED LIVIO,Unimed PF,Convenio PF
2,SMART,291,CE UNIMED MARCOS OLI,Unimed PF,Convenio PF
2,SMART,291,CE UNIMED MARCOS OLI (E15),Unimed PF,Convenio PF
2,SMART,297,CE VALE SAUDE,Parcerias,Particular
2,SMART,301,CE VERACEL CELULOSE,Veracel Celulose,Convenio
2,SMART,301,CE VERACEL CELULOSE (E99),Veracel Celulose,Popular
2,SMART,304,CE VITALLIS SAUDE,Medisanitas,Convenio
2,SMART,304,CE VITALLIS SAUDE  (CEV),Vitallis,Convenio
2,SMART,310,CE WISE MED GESTAO,Wise Med,Convenio
2,SMART,310,CE WISE MED GESTAO (WIS),Wise Med,Popular
2,SMART,286,CENTRAL NACIO UNIMED,Unimed CNU,Convenio
2,SMART,286,CENTRAL NACIO UNIMED (COC),Unimed CNU,Convenio
2,SMART,286,CENTRAL NACION INTE,Unimed CNU,Convenio
2,SMART,286,CENTRAL NACION INTE (CN3),Unimed CNU,Convenio
2,SMART,286,CENTRAL NACION LOCAL,Unimed CNU,Convenio
2,SMART,286,CENTRAL NACION LOCAL (CN4),Unimed CNU,Convenio
2,SMART,286,CENTRAL NACIONAL,Unimed CNU,Convenio
2,SMART,65,CENTRO ITABUNENSE,Centro Itabunense,Convenio
2,SMART,12,CH AGEMED SAUDE BAS,Agemed,Convenio
2,SMART,18,CH AMBEP,Ambep,Convenio
2,SMART,19,CH AMEX SAUDE,Amex Saude,Convenio
2,SMART,24,CH ANDRADE PINHEIRO,Parcerias,Particular
2,SMART,27,CH APUB,APUB,Convenio
2,SMART,27,CH APUB (D01),APUB,Convenio
2,SMART,34,CH ASSIST CARD,Parcerias,Particular
2,SMART,43,CH BRADESCO  IND,Bradesco,Convenio
2,SMART,43,CH BRADESCO  IND (HO2),Bradesco,Convenio
2,SMART,43,CH BRADESCO EMP,Bradesco,Convenio
2,SMART,43,CH BRADESCO EMP (HO1),Bradesco,Convenio
2,SMART,43,CH BRADESCO OP EMP,Bradesco,Convenio
2,SMART,43,CH BRADESCO OP EMP (1O ),Bradesco,Convenio
2,SMART,43,CH BRADESCO PREF EMP,Bradesco,Convenio
2,SMART,43,CH BRADESCO PREF IND,Bradesco,Convenio
2,SMART,45,CH CAAB,Parcerias,Particular
2,SMART,45,CH CAAB (CA5),CAAB,Convenio
2,SMART,197,CH CAMPANHA,Particular,Particular
2,SMART,53,CH CANDEIAS SAUDE,Parcerias,Particular
2,SMART,53,CH CANDEIAS SAUDE (H14),Candeias,Popular
2,SMART,60,CH CASSEB,Casseb,Convenio
2,SMART,60,CH CASSEB (CSB),CASSEB,Convenio
2,SMART,61,CH CASSI,CASSI,Convenio
2,SMART,61,CH CASSI (CAS),CASSI,Convenio
2,SMART,79,CH CODEVASF,Codevasf,Convenio
2,SMART,81,CH COLABORADOR E FAM,Colaborador Familia,Particular
2,SMART,672,CH CONV DAY PARCEIRO,Day Parceiro PF,Convenio PF
2,SMART,211,CH CONV PLANTONISTA,Plantonista,Convenio
2,SMART,211,CH CONV PLANTONISTA (P32),Plantonista,Convenio
2,SMART,197,CH DAYHORC EXCEDENTE,Particular,Particular
2,SMART,215,CH DAYHORC PARA VOCE,Mais Pop,Popular
2,SMART,95,CH EMBRATEL,Embratel,Convenio
2,SMART,113,CH FIOPREV,Fioprev,Convenio
2,SMART,123,CH GEAP HBA,Geap,Convenio
2,SMART,123,CH GEAP HBA (017),GEAP,Convenio
2,SMART,126,CH GOLDEN  BAS/ESS,Golden,Convenio
2,SMART,126,CH GOLDEN  BAS/ESS (230),Golden,Convenio
2,SMART,126,CH GOLDEN ESP/SUP,Golden,Convenio
2,SMART,126,CH GOLDEN ESP/SUP (AIS),Golden,Convenio
2,SMART,754,CH HOSPITAL NAVAL,Hospital Naval,Convenio
2,SMART,197,CH IOF,IOF,Convenio
2,SMART,197,CH IOF - SP,IOF,Convenio
2,SMART,322,CH MAIS POP,Mais Pop,Popular
2,SMART,322,CH MAIS POP (009),Mais Pop,Popular
2,SMART,177,CH MONDIAL,Mondial,Convenio
2,SMART,179,CH MPE - CAIXA,MPE,Particular
2,SMART,742,CH MPE - CAIXA (MPE),Saude Caixa,Convenio
2,SMART,183,CH MULTI SAUDE,Multi Saude,Convenio
2,SMART,187,CH ODONTO INTERMEDIO,Parcerias,Particular
2,SMART,194,CH PAME,Embratel,Convenio
2,SMART,197,CH PARTICULAR,Particular,Particular
2,SMART,197,CH PARTICULAR (H06),Particular,Particular
2,SMART,197,CH PARTICULAR NF MED,Particular,Particular
2,SMART,200,CH PETROBRAS,Petrobras,Convenio
2,SMART,200,CH PETROBRAS  (PCH),Petrobras,Convenio
2,SMART,209,CH PLAN SERV,Planserv,Convenio
2,SMART,209,CH PLAN SERV (CHP),Planserv,Convenio
2,SMART,207,CH PLANSAF BAHIA,Parcerias,Particular
2,SMART,209,CH PLANSERV,Planserv,Convenio
2,SMART,197,CH PREVIDA MED BAHIA,Parcerias,Particular
2,SMART,230,CH PROMEDICA EMBASA,Promedica,Convenio
2,SMART,230,CH PROMEDICA SUPLETI,Promedica,Convenio
2,SMART,230,CH PROMEDICA SUPLETI (PRO),Promedica,Convenio
2,SMART,270,CH RB SUL AMERICA,Sulamerica,Convenio
2,SMART,232,CH REDE MAIS SAUDE,Parcerias,Particular
2,SMART,150,CH SAUDE ITAU,Saude Itau,Convenio
2,SMART,257,CH SINAM,Parcerias,Particular
2,SMART,270,CH SUL AMER EMP ESSE,Sulamerica,Convenio
2,SMART,270,CH SUL AMER IND ESSE,Sulamerica,Convenio
2,SMART,270,CH SUL AMERICA EMP,Sulamerica,Convenio
2,SMART,270,CH SUL AMERICA EMP (110),Sulamerica,Convenio
2,SMART,270,CH SUL AMERICA INDIV,Sulamerica,Convenio
2,SMART,270,CH SUL AMERICA INDIV (114),Sulamerica,Convenio
2,SMART,95,CH TELOS - EMBRATEL,Embratel,Convenio
2,SMART,280,CH TRT5,TRT,Convenio
2,SMART,280,CH TRT5 (2TR),TRT,Convenio
2,SMART,293,CH UNIMED SEGUROS,Unimed Seguros,Convenio
2,SMART,293,CH UNIMED SEGUROS (CUS),Unimed Seguros,Convenio
2,SMART,297,CH VALE SAUDE - PANS,Parcerias,Particular
2,SMART,18,CI AMBEP,Ambep,Convenio
2,SMART,18,CI AMBEP (AP6),Ambep,Convenio
2,SMART,37,CI ASTAP,Astap,Convenio
2,SMART,45,CI CAAB,Parcerias,Particular
2,SMART,53,CI CANDEIAS SAUDE,Parcerias,Particular
2,SMART,56,CI CARAIBAS METAIS,Caraíbas Metais,Convenio
2,SMART,81,CI COLABORADOR FAMIL,Colaborador Familia,Particular
2,SMART,86,CI CORTESIA,Cortesia,Particular
2,SMART,86,CI CORTESIA (115),Cortesia,Particular
2,SMART,197,CI PARTICULAR,Particular,Particular
2,SMART,197,CI PARTICULAR (A16),Particular,Particular
2,SMART,270,CI RB SUL AMERICA,Sulamerica,Convenio
2,SMART,246,CI SAUDE CARD,Parcerias,Particular
2,SMART,257,CI SINAM,Parcerias,Particular
2,SMART,257,CI SINAM (A21),Sinam,Popular
2,SMART,297,CI VALE SAUDE - PANS,Parcerias,Particular
2,SMART,68,CIDADE SOL,Cidade Sol,Convenio
2,SMART,73,CLIMEB,Parcerias,Particular
2,SMART,74,CLIMEC,Parcerias,Particular
2,SMART,75,CLINIC 28  JULHO POS,Clínicas,Popular
2,SMART,75,CLINIC 28  JULHO POS (S07),Clínicas,Popular
2,SMART,736,CLINIC 28 JULHO LOCA,Clínicas,Popular
2,SMART,736,CLINIC 28 JULHO LOCA (28L),Clínicas,Popular
2,SMART,75,CLINICA 28 DE JULHO,Clínicas,Popular
2,SMART,75,CLINICA BEM ESTAR,Clínicas,Popular
2,SMART,75,CLINICA CIEL,Clínicas,Popular
2,SMART,75,CLINICA CIEL  (934),Clínicas,Popular
2,SMART,736,CLINICA DE OLHOS SEN,Clínicas,Popular
2,SMART,736,CLINICA DE OLHOS SEN (1N ),Clínicas,Popular
2,SMART,75,CLINICA ESPAÇO SAUDE,Clínicas,Popular
2,SMART,75,CLINICA SAO ROQUE,Clínicas,Popular
2,SMART,766,CLINICA SENHOR DO BO,Clínicas,Popular
2,SMART,76,CLIVALE PROSAUDE,Clivale,Popular
2,SMART,76,CLIVALE PROSAUDE (CLV),Clivale,Popular
2,SMART,77,CLUBE DOS OCULOS,Óticas,Popular
2,SMART,77,CLUBE DOS OCULOS (003),Óticas,Popular
2,SMART,78,CMPI,CPMI,Convenio
2,SMART,78,CMPI (CMP),CMPI,Convenio
2,SMART,78,CMPI (MP2),CMPI,Convenio
2,SMART,286,CNU - INTERCAMBIO,Unimed CNU,Convenio
2,SMART,286,CNU - INTERCAMBIO (CIT),Unimed CNU,Convenio
2,SMART,286,CNU MED INTERCAMBIO,Unimed CNU,Convenio
2,SMART,286,CNU MED INTERCAMBIO (CN1),Unimed CNU,Convenio
2,SMART,286,CNU MED LOCAL,Unimed CNU,Convenio
2,SMART,286,CNU MED LOCAL (CN2),Unimed CNU,Convenio
2,SMART,80,COELBA      007536,COELBA,Convenio
2,SMART,80,COELBA - PERIODICO,COELBA,Convenio
2,SMART,80,COELBA PERIODICO,Coelba,Convenio
2,SMART,81,COLABORA R FAMILIA,Colaborador Familia,Particular
2,SMART,81,COLABORA R FAMILIA (COL),Colaborador Familia,Particular
2,SMART,81,COLABORADOR E FAMILI,Colaborador Familia,Particular
2,SMART,81,COLABORADOR E FAMILI (COL),Colaborador Familia,Particular
2,SMART,81,COLABORADOR OPTY,Colaborador Familia,Particular
2,SMART,318,COLEGIO GEORGIA,Parcerias,Particular
2,SMART,739,CONISUL - CONSÓRCIO,Conisul,Convenio
2,SMART,699,CONTROL EQUATORIAL,Equatorial,Convenio
2,SMART,673,CONV ANEST ASA,Coopanes PF,Convenio PF
2,SMART,673,CONV ANEST HCL,Coopanes PF,Convenio PF
2,SMART,673,CONV ANEST JDL,Coopanes PF,Convenio PF
2,SMART,673,CONV ANEST SAS,Coopanes PF,Convenio PF
2,SMART,673,CONV ANEST SEDAR,Coopanes PF,Convenio PF
2,SMART,86,CONV CORTESIA FURC,Cortesia,Particular
2,SMART,672,CONV DAY PARCEIRO,Day Parceiro PF,Convenio PF
2,SMART,721,CONV DDM,DDM,Convenio
2,SMART,179,CONV HOBRASIL MPE,MPE,Particular
2,SMART,0,CONV MPE B,MPE,Particular
2,SMART,673,COOPANEST,Coopanes PF,Convenio PF
2,SMART,673,COOPANEST (ANE),Coopanes PF,Convenio PF
2,SMART,217,CORREIOS,Postal,Convenio
2,SMART,86,CORTESIA,Cortesia,Particular
2,SMART,86,CORTESIA (103),Cortesia,Particular
2,SMART,86,CORTESIA (64 ),Cortesia,Particular
2,SMART,86,CORTESIA (CRT),Cortesia,Particular
2,SMART,197,CR BIOLOGIA 8ª REG.,Parcerias,Particular
2,SMART,703,CRECI-AL,Parcerias,Particular
2,SMART,705,CSA - SÓCIO,Parcerias,Particular
2,SMART,192,DAY FELLOW PLASTICA,Fellow,Convenio
2,SMART,197,DAYHORC - EXCEDENTE,Parcerias,Particular
2,SMART,215,DAYHORC PARA VOCE,Mais Pop,Popular
2,SMART,724,DAYHORC PRA VOCE/MAI,Mais Pop,Popular
2,SMART,724,DAYHORC PRA VOCE/MAI (008),Popular,Popular
2,SMART,215,DAYHORC VOCE,Mais Pop,Popular
2,SMART,780,DESCOMPPLICA,Parcerias,Particular
2,SMART,43,DESCOMPPLICA (Z  ),Parcerias,Particular
2,SMART,230,EMBASA - PROMEDICA,Promedica,Convenio
2,SMART,230,EMBASA - PROMEDICA (PE2),Promedica,Convenio
2,SMART,230,EMBASA PROMEDICA,Promedica,Convenio
2,SMART,767,EMBASA PROMEDICA (PE2),Promedica,Convenio
2,SMART,95,EMBRATEL,Embratel,Convenio
2,SMART,96,ESPACO SAUDE SAF,Espaço Saude,Convenio
2,SMART,197,ESPECIALIDADES,Particular,Particular
2,SMART,197,ESPECIALIDADES (34 ),Particular,Particular
2,SMART,97,ESPORTE CLUBE BAHIA,Parcerias,Particular
2,SMART,97,ESPORTE CLUBE BAHIA (JAI),Parcerias,Particular
2,SMART,98,ESSENCIAL VIDA,E-Vida,Convenio
2,SMART,98,ESSENCIAL VIDA (48 ),Parcerias,Particular
2,SMART,1,EXCEDENTE,Parcerias,Particular
2,SMART,1,EXCEDENTE  (SUE),SUS,SUS
2,SMART,1,EXCEDENTE SUS,SUS,SUS
2,SMART,121,EXERCITO BRA - PASS,Fusex,Convenio
2,SMART,121,EXERCITO BRASI-FUSEX,Fusex,Convenio
2,SMART,121,EXERCITO SERV. CIVIL,Fusex,Convenio
2,SMART,121,EXERCITO-FATOR CUSTO,Fusex,Convenio
2,SMART,104,FACHESF,Fachesf,Convenio
2,SMART,104,FACHESF (55 ),Fachesf,Convenio
2,SMART,104,FACHESF (9  ),Fachesf,Convenio
2,SMART,104,FACHESF (FAH),Fachesf,Convenio
2,SMART,104,FACHESF DIRETO,Fachesf,Convenio
2,SMART,104,FACHESF DIRETO (106),Fachesf,Convenio
2,SMART,197,FACHESF PG,Parcerias,Particular
2,SMART,197,FACHESF/PARTICULAR,Parcerias,Particular
2,SMART,106,FARMÁCIA PERMANENTE,Parcerias,Particular
2,SMART,197,FETIM/BA,Parcerias,Particular
2,SMART,114,FONOCLIN,Parcerias,Particular
2,SMART,116,FRIGOR SUL,Frigo Sul,Convenio
2,SMART,116,FRIGOR SUL (FRI),Frigo Sul,Convenio
2,SMART,197,FUNC. PARQUE SHOPP,Particular,Particular
2,SMART,118,FUNEPLAN,Parcerias,Particular
2,SMART,118,FUNEPLAN (FNP),Parcerias,Particular
2,SMART,121,FUSEX,Fusex,Convenio
2,SMART,192,GALERA DO FLA,Parcerias,Particular
2,SMART,122,GAMA     40019276,Gama,Convenio
2,SMART,122,GAMA - 40019276,Gama,Convenio
2,SMART,122,GAMA SAUDE,Gama,Convenio
2,SMART,122,GAMA SAUDE (12 ),Gama,Convenio
2,SMART,192,GBOEX,Parcerias,Particular
2,SMART,192,GBOEX (GOB),Parcerias,Particular
2,SMART,123,GEAP,GEAP,Convenio
2,SMART,123,GEAP - PERIODICO,GEAP,Convenio
2,SMART,123,GEAP (13 ),GEAP,Convenio
2,SMART,123,GEAP (15 ),GEAP,Convenio
2,SMART,123,GEAP 4011783,GEAP,Convenio
2,SMART,126,GOLDEN BAS/ESS,Golden,Convenio
2,SMART,126,GOLDEN CROSS,Golden,Convenio
2,SMART,126,GOLDEN CROSS B/E/REG,Golden,Convenio
2,SMART,126,GOLDEN CROSS B/E/REG (211),Golden,Convenio
2,SMART,126,GOLDEN CROSS ESP/SUP,Golden,Convenio
2,SMART,126,GOLDEN CROSS ESSENCI,Golden,Convenio
2,SMART,126,GOLDEN CROSS ESSENCI (55 ),Golden,Convenio
2,SMART,126,GOLDEN CROSS SUP ESP,Golden,Convenio
2,SMART,126,GOLDEN CROSS SUP ESP (13 ),Golden,Convenio
2,SMART,129,HAPVIDA,Hapvida,Convenio
2,SMART,477,HB CARD,Parcerias,Particular
2,SMART,134,HORC,HORC,Convenio
2,SMART,135,HOSP. NAVAL DE SALV.,Hospital Naval,Convenio
2,SMART,135,HOSP. NAVAL DE SALVA,Hospital Naval,Convenio
2,SMART,754,HOSPITAL NAVAL SSA,Hospital Naval,Convenio
2,SMART,137,HOSPITAL PORTUGUÊS,Hosp Portugues,Convenio
2,SMART,139,IGREJA BATISTA ESPER,Parcerias,Particular
2,SMART,139,IGREJA BATISTA SIAO,Parcerias,Particular
2,SMART,36,INDICAÇÃO CIRURGICA,Particular,Particular
2,SMART,141,INFRAERO - PAMI,Infraero,Convenio
2,SMART,142,INSTITUTO MAIS SAUDE,Instituto Mais Saude,Convenio
2,SMART,142,INSTITUTO MAIS SAUDE (IMS),Instituto Mais Saúde,Popular
2,SMART,197,INTEGRACAO HOB,Particular,Particular
2,SMART,144,INTERPLAN,Parcerias,Particular
2,SMART,145,INTERPLUS CARD,Parcerias,Particular
2,SMART,146,IOF PRA VOCE,Mais Pop,Particular
2,SMART,147,IPASEAL,Ipaseal,Convenio
2,SMART,209,ITABUNA,Itabuna,Convenio
2,SMART,149,ITAO SUPERMERCADOS,Parcerias,Particular
2,SMART,149,ITAO SUPERMERCADOS (ITA),Parcerias,Particular
2,SMART,1,ITB SUS,SUS,SUS
2,SMART,209,ITB/PLANSERV,Planserv,Convenio
2,SMART,154,LAGOAMAR,Parcerias,Particular
2,SMART,676,LAP MEDICINA LABORAT (050),Parcerias,Particular
2,SMART,197,LAUDO DE EXAMES,Particular,Particular
2,SMART,197,LC CARTÃO,Particular,Particular
2,SMART,197,LC PARTICULAR,Particular,Particular
2,SMART,197,LENTES DE CONTATO,Particular,Particular
2,SMART,197,LENTES DE CONTATO (013),Particular,Particular
2,SMART,157,LIFE EMP SAUDE,Life,Convenio
2,SMART,157,LIFE EMP SAUDE (LES),Life,Convenio
2,SMART,157,LIFE EMPRESARIAL,Life,Convenio
2,SMART,157,LIFE SAUDE,Life,Convenio
2,SMART,157,LIFE SAUDE (LIF),Life,Convenio
2,SMART,159,LPM,Parcerias,Particular
2,SMART,322,MAIS POP,Mais Pop,Popular
2,SMART,322,MAIS POP (008),Mais Pop,Popular
2,SMART,217,MAIS POP (POP),Mais Pop,Popular
2,SMART,161,MAPFRE SAUDE,Mapfre,Convenio
2,SMART,22,MEDIAL SAUDE,Medial Saude,Convenio
2,SMART,126,MEDIAL SAUDE (192),Golden,Convenio
2,SMART,726,MEDIPREVE SAÚDE,Parcerias,Particular
2,SMART,169,MEDISERVICE,Mediservice,Convenio
2,SMART,169,MEDISERVICE (MED),Mediservice,Convenio
2,SMART,169,MEDISERVICE BARRIS,Mediservice,Convenio
2,SMART,169,MEDISERVICE BARRIS (16 ),Mediservice,Convenio
2,SMART,169,MEDISERVICE VILAS,Mediservice,Convenio
2,SMART,245,MEDISERVICE VILAS (Q  ),Mediservice,Convenio
2,SMART,170,MEDPREV,MedPrev,Convenio
2,SMART,182,MIN PUB DO TRABALHO,MPT,Convenio
2,SMART,182,MIN PUB DO TRABALHO (715),MPT,Convenio
2,SMART,176,MINAS ACO,Parcerias,Particular
2,SMART,176,MINAS ACO (MC1),Parcerias,Particular
2,SMART,181,MINIST PUB MILITAR,MPM,Convenio
2,SMART,177,MONDIAL,Mondial,Convenio
2,SMART,179,MPE - CAIXA,MPE,Particular
2,SMART,179,MPE - CAIXA (MP0),MPE,Convenio
2,SMART,183,MULTI SAUDE,Parcerias,Particular
2,SMART,185,NORDESTE INTERMEDIO,Nordeste Saude,Convenio
2,SMART,782,NORDESTE INTERMEDIO (NIT),Nordeste Saude,Convenio
2,SMART,185,NORDESTE SAUDE,Nordeste Saude,Convenio
2,SMART,185,NORDESTE SAUDE EMPR.,Nordeste Saude,Convenio
2,SMART,185,NORDESTE VIDA,Nordeste Saude,Convenio
2,SMART,186,NOTRE DAME,Notre Dame,Convenio
2,SMART,186,NOTREDAME,Notre Dame,Convenio
2,SMART,186,NOTREDAME (NDS),Notre Dame,Convenio
2,SMART,258,OAB ALAGOAS,Parcerias,Particular
2,SMART,756,OAB SALUS  00369,OAB,Convenio
2,SMART,187,ODONTO - INTERMEDIO,Parcerias,Particular
2,SMART,187,ODONTO - INTERMEDIO (23 ),Parcerias,Particular
2,SMART,188,ODONTO MED SORRISO,Parcerias,Particular
2,SMART,166,ODONTO MEDICARD,Parcerias,Particular
2,SMART,166,ODONTO MEDICARD (121),Parcerias,Particular
2,SMART,320,ODONTO MÉDICI,Parcerias,Particular
2,SMART,189,OMINT - SKILL,Omint,Convenio
2,SMART,189,OMINT/SKILL,Omint,Convenio
2,SMART,189,OMINT/SKILL (184),Omint,Convenio
2,SMART,191,OPTICA A JOIA,Parcerias,Particular
2,SMART,191,OPTICA A JOIA (OPJ),Óticas,Popular
2,SMART,191,OTICA BAHIA,Óticas,Popular
2,SMART,191,OTICA BAHIA (OB1),Óticas,Popular
2,SMART,191,OTICA BOA VISAO,Óticas,Popular
2,SMART,191,OTICA BOA VISAO (OBV),Óticas,Popular
2,SMART,191,OTICA CENTRO,Óticas,Popular
2,SMART,191,OTICA CENTRO (S05),Óticas,Popular
2,SMART,191,OTICA CRISTAL,Óticas,Popular
2,SMART,191,OTICA CRISTAL (400),Óticas,Popular
2,SMART,191,OTICA D´PAULA,Óticas,Popular
2,SMART,191,OTICA D´PAULA (C03),Óticas,Popular
2,SMART,191,OTICA DE TODOS,Óticas,Popular
2,SMART,191,OTICA DE TODOS (OTT),Óticas,Popular
2,SMART,191,OTICA DEGRAUS,Óticas,Popular
2,SMART,191,OTICA DINIZ,Óticas,Popular
2,SMART,191,OTICA DINIZ (OTI),Óticas,Popular
2,SMART,191,OTICA GLOBO,Óticas,Popular
2,SMART,191,OTICA GLOBO (OTG),Óticas,Popular
2,SMART,191,OTICA IDEAL,Óticas,Popular
2,SMART,191,OTICA IDEAL (C04),Óticas,Popular
2,SMART,191,OTICA ITABUNA,Óticas,Popular
2,SMART,191,OTICA ITABUNA (OIT),Óticas,Popular
2,SMART,191,OTICA JARDULI,Óticas,Popular
2,SMART,191,OTICA JARDULI (O01),Óticas,Popular
2,SMART,191,OTICA LATIFFI,Óticas,Popular
2,SMART,191,OTICA LIS COMERCIO,Óticas,Popular
2,SMART,191,OTICA MODELO,Óticas,Popular
2,SMART,191,OTICA MODELO (OM ),Óticas,Popular
2,SMART,191,OTICA NUNES,Óticas,Popular
2,SMART,191,OTICA PINHEIRO,Óticas,Popular
2,SMART,191,OTICA PINHEIRO (S02),Óticas,Popular
2,SMART,191,OTICA ROCHA,Óticas,Popular
2,SMART,191,OTICA ROCHA  (001),Óticas,Popular
2,SMART,191,OTICA S CAETANO/SUZI,Óticas,Popular
2,SMART,191,OTICA S CAETANO/SUZI (016),Óticas,Popular
2,SMART,191,OTICA SAO CAETANO,Óticas,Popular
2,SMART,191,OTICA SMART,Óticas,Popular
2,SMART,191,OTICA SMART (S03),Óticas,Popular
2,SMART,191,OTICA VELANES,Óticas,Popular
2,SMART,191,OTICAS CARDOSO,Óticas,Popular
2,SMART,191,OTICAS CARDOSO (OTC),Óticas,Popular
2,SMART,191,OTICAS PAIXAO,Óticas,Popular
2,SMART,191,OTICAS PAIXAO (S  ),Óticas,Popular
2,SMART,191,OTICAS TECHNOL,Óticas,Popular
2,SMART,191,OTICAS TECHNOL (OTH),Óticas,Popular
2,SMART,191,OTICAS TEIXEIRA,Óticas,Popular
2,SMART,191,OTICAS TEIXEIRA (OT1),Óticas,Popular
2,SMART,219,P.M.I.,PMI,Convenio
2,SMART,215,PACOTE POP,Mais Pop,Popular
2,SMART,193,PAF ILUMINADA,Parcerias,Particular
2,SMART,193,PAF ILUMINADA PL DE,Parcerias,Particular
2,SMART,194,PAME,Embratel,Convenio
2,SMART,197,PART APOSENTADO,Particular,Particular
2,SMART,197,PART APOSENTADO (PA ),Particular,Particular
2,SMART,197,PARTICULAR,Particular,Particular
2,SMART,197,PARTICULAR  (PAV),Particular,Particular
2,SMART,197,PARTICULAR (PRT),Particular,Particular
2,SMART,197,PARTICULAR 10%,Particular,Particular
2,SMART,197,PARTICULAR A PRAZO,Particular,Particular
2,SMART,197,PARTICULAR AMB,Particular,Particular
2,SMART,198,PASA - PLANO DE ASSI,Pasa,Convenio
2,SMART,198,PATRUS,Patrus,Convenio
2,SMART,199,PAX  PERFEIÇAO IBICA,Parcerias,Particular
2,SMART,199,PAX  PERFEIÇAO IBICA (R  ),Popular,Popular
2,SMART,199,PAX DA BAHIA LTDA.,Parcerias,Particular
2,SMART,199,PAX FUNERARIA,Parcerias,Particular
2,SMART,199,PAX NACIONAL,Parcerias,Particular
2,SMART,199,PAX PERFEICAO,Parcerias,Particular
2,SMART,199,PAX PERFEICAO (GTF),Popular,Popular
2,SMART,199,PAX PERFEIÇÃO IBICA,Parcerias,Particular
2,SMART,199,PAX PERFEICAO ITAJU,Parcerias,Particular
2,SMART,199,PAX SAO JOSE,Parcerias,Particular
2,SMART,199,PAX SAO JOSE (ASJ),Popular,Popular
2,SMART,199,PAX UBAITABENSE,Parcerias,Particular
2,SMART,199,PAX VIDA,Popular,Popular
2,SMART,199,PAXVIDA MÊS DAS MÃES,Parcerias,Particular
2,SMART,199,PAXVIDA MÊS DOS PAIS,Parcerias,Particular
2,SMART,1,PCE - SUS,SUS,SUS
2,SMART,673,PETROBAS C0OPANEST,Petrobras PF,Convenio PF
2,SMART,200,PETROBRAS,Petrobras,Convenio
2,SMART,201,PETROBRAS  ADRIANO A,Petrobras PF,Convenio PF
2,SMART,201,PETROBRAS  ADRIANO A (PAG),Petrobras PF,Convenio PF
2,SMART,201,PETROBRAS - CÉLIA,Petrobras PF,Convenio PF
2,SMART,201,PETROBRÁS - CÉLIA,Petrobras PF,Convenio PF
2,SMART,201,PETROBRAS  EDSON SIL,Petrobras PF,Convenio PF
2,SMART,201,PETROBRAS - EDUARDO,Petrobras PF,Convenio PF
2,SMART,201,PETROBRÁS - EDUARDO,Petrobras PF,Convenio PF
2,SMART,201,PETROBRAS - HERBEM,Petrobras PF,Convenio PF
2,SMART,201,PETROBRÁS - HERBEM,Petrobras PF,Convenio PF
2,SMART,200,PETROBRAS - IOF,Petrobras,Convenio
2,SMART,201,PETROBRAS - J PAULO,Petrobras PF,Convenio PF
2,SMART,201,PETROBRAS  JORGE PAU,Petrobras PF,Convenio PF
2,SMART,201,PETROBRAS - M NASCIM,Petrobras PF,Convenio PF
2,SMART,201,PETROBRAS - MARCELO,Petrobras PF,Convenio PF
2,SMART,201,PETROBRÁS - MARCELO,Petrobras PF,Convenio PF
2,SMART,201,PETROBRAS  MARCO POL,Petrobras PF,Convenio PF
2,SMART,201,PETROBRAS  MARCO POL (D  ),Petrobras PF,Convenio PF
2,SMART,201,PETROBRAS - MONICA,Petrobras PF,Convenio PF
2,SMART,201,PETROBRÁS - MONICA,Petrobras PF,Convenio PF
2,SMART,201,PETROBRAS  OSORIO,Petrobras PF,Convenio PF
2,SMART,201,PETROBRAS - PILAR,Petrobras PF,Convenio PF
2,SMART,201,PETROBRÁS - PILAR,Petrobras PF,Convenio PF
2,SMART,201,PETROBRAS - R CHAGAS,Petrobras PF,Convenio PF
2,SMART,201,PETROBRAS - RITA ARA,Petrobras PF,Convenio PF
2,SMART,201,PETROBRÁS - RITA ARA,Petrobras PF,Convenio PF
2,SMART,201,PETROBRAS - RUY CUNH,Petrobras PF,Convenio PF
2,SMART,201,PETROBRAS  RUY CUNHA,Petrobras PF,Convenio PF
2,SMART,201,PETROBRAS  ZELIA,Petrobras PF,Convenio PF
2,SMART,201,PETROBRAS  ZELIA (PEZ),Petrobras PF,Convenio PF
2,SMART,201,PETROBRAS CHRISTINE,Petrobras PF,Convenio PF
2,SMART,201,PETROBRAS CHRISTINE (986),Petrobras PF,Convenio PF
2,SMART,42,PETROBRAS DIST.,BR Distribuidora,Convenio
2,SMART,42,PETROBRÁS DIST.,BR Distribuidora,Convenio
2,SMART,200,PETROBRAS DISTRIB,BR Distribuidora,Convenio
2,SMART,200,PETROBRAS DISTRIB.,BR Distribuidora,Convenio
2,SMART,200,PETROBRAS DISTRIBUID,BR Distribuidora,Convenio
2,SMART,201,PETROBRAS DR LUCIANO,Petrobras PF,Convenio PF
2,SMART,201,PETROBRAS DR. LEITAO,Petrobras PF,Convenio PF
2,SMART,201,PETROBRAS DR. MARCOS,Petrobras PF,Convenio PF
2,SMART,201,PETROBRAS DRA CHRIST,Petrobras PF,Convenio PF
2,SMART,201,PETROBRAS DRA CHRIST (20 ),Petrobras PF,Convenio PF
2,SMART,201,PETROBRAS DRA MARTA,Petrobras PF,Convenio PF
2,SMART,201,PETROBRAS DRA MARTA (4  ),Petrobras PF,Convenio PF
2,SMART,201,PETROBRAS EMER FAFEN,Petrobras PF,Convenio PF
2,SMART,201,PETROBRAS FATIMA GAR,Petrobras PF,Convenio PF
2,SMART,201,PETROBRAS FATIMA GAR (PFT),Petrobras PF,Convenio PF
2,SMART,201,PETROBRAS MA FATIMA,Petrobras PF,Convenio PF
2,SMART,201,PETROBRAS MARCO VALE,Petrobras PF,Convenio PF
2,SMART,201,PETROBRAS MARCO VALE (MBV),Petrobras PF,Convenio PF
2,SMART,201,PETROBRAS MARCOS SAM,Petrobras PF,Convenio PF
2,SMART,201,PETROBRAS MARCOS SAM (MO1),Petrobras PF,Convenio PF
2,SMART,201,PETROBRAS MARLUCIA,Petrobras PF,Convenio PF
2,SMART,201,PETROBRAS MARLUCIA (MNV),Petrobras PF,Convenio PF
2,SMART,201,PETROBRAS MAXIMO,Petrobras PF,Convenio PF
2,SMART,150,PETROBRAS MAXIMO-,Petrobras PF,Convenio PF
2,SMART,150,PETROBRAS MAXIMO- (PMM),Petrobras PF,Convenio PF
2,SMART,200,PETROBRAS OFTALMOCLI,Petrobras,Convenio
2,SMART,201,PETROBRAS OFTALMOCLI (19 ),Petrobras PF,Convenio PF
2,SMART,200,PETROBRAS PETROLEO,Petrobras,Convenio
2,SMART,200,PETROBRAS PETROLEO (PPP),Petrobras,Convenio
2,SMART,201,PETROBRAS RICARDO,Petrobras PF,Convenio PF
2,SMART,200,PETROBRAS S/A,Petrobras,Convenio
2,SMART,200,PETROBRAS S/A (159),Petrobras,Convenio
2,SMART,201,PETROBRAS TATIANA,Petrobras PF,Convenio PF
2,SMART,201,PETROBRAS TATIANA (P50),Petrobras PF,Convenio PF
2,SMART,203,PLAMED,Plamed,Convenio
2,SMART,209,PLAN SERV,Planserv,Convenio
2,SMART,209,PLAN SERV (16 ),Planserv,Convenio
2,SMART,209,PLAN SERV (PSS),Planserv,Convenio
2,SMART,204,PLAN-ASSISTE,Plan Assist,Convenio
2,SMART,204,PLAN-ASSISTE (458),Plan Assiste,Convenio
2,SMART,181,PLAN-ASSISTE MILITAR,MPM,Convenio
2,SMART,757,PLAN-ASSISTE RE 1011,MPM,Convenio
2,SMART,280,PLAN-ASSISTE TRABALH,MPM,Convenio
2,SMART,208,PLANSEF,Plansef,Convenio
2,SMART,208,PLANSEF (PSJ),Plansef,Convenio
2,SMART,209,PLANSERV,Planserv,Convenio
2,SMART,210,PLANSUL,Plansul,Convenio
2,SMART,210,PLANSUL LOCAL,Parcerias,Particular
2,SMART,210,PLANSUL LOCAL (PL1),Plansul,Convenio
2,SMART,214,POLIMED,Polimed,Convenio
2,SMART,214,POLIMED (28 ),Polimed,Convenio
2,SMART,214,POLIMED LOCAL,Parcerias,Particular
2,SMART,214,POLIMED LOCAL (PO1),Polimed,Convenio
2,SMART,216,PORTO SEG BRONZE-CRI,Porto Seguro,Convenio
2,SMART,216,PORTO SEG BRONZE-CRI (45 ),Porto Seguro,Convenio
2,SMART,216,PORTO SEG DIAMAT MAS,Porto Seguro,Convenio
2,SMART,216,PORTO SEG OURO SENIO,Porto Seguro,Convenio
2,SMART,216,PORTO SEG PRATA PLEN,Porto Seguro,Convenio
2,SMART,216,PORTO SEG PRATA PLEN (46 ),Porto Seguro,Convenio
2,SMART,216,PORTO SEGURO,Porto Seguro,Convenio
2,SMART,216,PORTO SEGURO - EMPRE,Porto Seguro,Convenio
2,SMART,216,PORTO SEGURO - EMPRE (PS ),Porto Seguro,Convenio
2,SMART,216,PORTO SEGURO IND,Porto Seguro,Convenio
2,SMART,217,POSTAL SAUDE,Postal,Convenio
2,SMART,217,POSTAL SAÚDE,Postal,Convenio
2,SMART,217,POSTAL SAUDE (7  ),Postal,Convenio
2,SMART,217,POSTAL SAUDE (PS3),Postal,Convenio
2,SMART,217,POSTAL SAUDE (PSA),Postal,Convenio
2,SMART,758,PREF. SAO FRAN.CONDE,Pref. SFC,Convenio
2,SMART,219,PREF.M.POTIRAGUA,Prefeitura,Popular
2,SMART,219,PREFEITURA CAMAÇARI,Prefeitura,Popular
2,SMART,221,PREVCLUB,Parcerias,Particular
2,SMART,223,PREVICARD SAÚDE,Parcerias,Particular
2,SMART,223,PREVICARD SAÚDE  (188),Parcerias,Particular
2,SMART,224,PREVIDA - PREVIPARQ,Parcerias,Particular
2,SMART,224,PRÉVIDA - PREVIPARQ,Parcerias,Particular
2,SMART,224,PREVIDA MARÇO,Parcerias,Particular
2,SMART,197,PREVIDA MED BAHIA,Parcerias,Particular
2,SMART,224,PRÉVIDA MÊS DAS MÃES,Parcerias,Particular
2,SMART,224,PREVIDA MÊS DOS PAIS,Parcerias,Particular
2,SMART,227,PRO SAUDE,Parcerias,Particular
2,SMART,231,PRO SOCIAL,Prosocial,Convenio
2,SMART,231,PRO SOCIAL - M PLAZA,Prosocial,Convenio
2,SMART,231,PRO SOCIAL (PSO),Prosocial,Convenio
2,SMART,228,PROASA,Proasa,Convenio
2,SMART,18,PROASA (187),Proasa,Convenio
2,SMART,228,PROASA (32 ),Proasa,Convenio
2,SMART,228,PROASA (PRS),Proasa,Convenio
2,SMART,230,PROMEDICA,Promedica,Convenio
2,SMART,230,PROMEDICA (34 ),Promedica,Convenio
2,SMART,230,PROMEDICA PRE-PAG,Promedica,Convenio
2,SMART,230,PROMEDICA SME,Promedica,Convenio
2,SMART,230,PROMEDICA SUPLETIVA,Promedica,Convenio
2,SMART,759,PRONTOMED,Prontomed,Convenio
2,SMART,270,QUE. SULAMERICA IND,Sulamerica,Convenio
2,SMART,270,RB SUL AMERICA,Sulamerica,Convenio
2,SMART,197,RC - REVIS CIRURICA,Revisão Cirurgica,Convenio
2,SMART,316,RC - REVIS CIRURICA (RC1),Revisão Cirurgica,Convenio
2,SMART,197,REVISAO CIRURGICA,Revisão Cirurgica,Convenio
2,SMART,235,RF - REVIS CIRURICA,Revisão Cirurgica,Convenio
2,SMART,316,RF - REVIS CIRURICA (RF1),Revisão Cirurgica,Convenio
2,SMART,236,ROTA TRANSPORTES,Rota Transportes,Convenio
2,SMART,236,ROTA TRANSPORTES (RO ),Parcerias,Particular
2,SMART,238,SAF ORG DE LUTO,Parcerias,Particular
2,SMART,238,SAF ORG DE LUTO (O  ),Parcerias,Particular
2,SMART,238,SAF SERV ASSIST.FAM,Serv. Assist,Convenio
2,SMART,240,SANTA CASA DE MISERI,Parcerias,Particular
2,SMART,240,SANTA CASA DE MISERI (015),Santa Casa Misericordia,Popular
2,SMART,197,SARTE COC,Parcerias,Particular
2,SMART,43,SAUDE BRADESCO EMP,Bradesco,Convenio
2,SMART,43,SAUDE BRADESCO EMP (SB1),Bradesco,Convenio
2,SMART,43,SAUDE BRADESCO IND,Bradesco,Convenio
2,SMART,43,SAUDE BRADESCO IND (38 ),Bradesco,Convenio
2,SMART,245,SAUDE CAIXA,Saúde Caixa,Convenio
2,SMART,245,SAUDE CAIXA (11 ),Saúde Caixa,Convenio
2,SMART,245,SAUDE CAIXA (49 ),Saúde Caixa,Convenio
2,SMART,245,SAUDE CAIXA (FUN),Saude Caixa,Convenio
2,SMART,246,SAUDE CARD,Parcerias,Particular
2,SMART,246,SAUDE CARD  (SC1),Parcerias,Particular
2,SMART,150,SAUDE ITAU,Saude Itau,Convenio
2,SMART,247,SAUDE MOVIMENTO,Saude Movimento,Convenio
2,SMART,250,SEC SAUDE DE PENEDO,SEC Saude,Convenio
2,SMART,250,SEC SAUDE MATRIZ CAM,SEC Saude,Convenio
2,SMART,293,SEGUROS UNIMED,Unimed Seguros,Convenio
2,SMART,251,SEMAL,Semal,Convenio
2,SMART,251,SEMAL (181),Parcerias,Particular
2,SMART,252,SEPACO,Sepaco,Convenio
2,SMART,698,SEPLAG SERVIDOR PUBL,SEPLAG,Convenio
2,SMART,253,SERPRO,SERPRO,Convenio
2,SMART,760,SESAB,SESAB,Convenio
2,SMART,254,SESC,Particular,Particular
2,SMART,258,SIMPI - SINDICATO,Sindicatos,Popular
2,SMART,257,SINAM,Sindicatos,Popular
2,SMART,257,SINAM (44 ),Sinam,Popular
2,SMART,257,SINAM (SIN),Sinam,Popular
2,SMART,257,SINAN,Sinam,Popular
2,SMART,258,SIND. COMERCIÁRIOS,Sindicatos,Popular
2,SMART,258,SIND. COMERCIÁRIOS (39 ),Sindicatos,Popular
2,SMART,258,SINDIACS,Sindicatos,Popular
2,SMART,258,SINDIFISCO    044342,Sindifisco,Convenio
2,SMART,259,SINDIFISCO 044342,Sindifisco,Convenio
2,SMART,258,SINTESI,Sindicatos,Popular
2,SMART,258,SINTESI (40 ),Sindicatos,Popular
2,SMART,258,SINTRATEC,Sindicatos,Popular
2,SMART,258,SINTRATEC (SIT),Sindicatos,Popular
2,SMART,258,SINTUFAL,Sindicatos,Popular
2,SMART,260,SMILE SAÚDE,Smile Saude,Convenio
2,SMART,719,SOLUMEDI,Sindicatos,Popular
2,SMART,270,STAR ONE,Sulamerica,Convenio
2,SMART,191,SUA OTICA,Óticas,Popular
2,SMART,191,SUA OTICA (S01),Óticas,Popular
2,SMART,270,SUL AMER - ESSEN EMP,Sulamerica,Convenio
2,SMART,270,SUL AMER - ESSEN EMP (SAE),Sulamerica,Convenio
2,SMART,270,SUL AMER - ESSEN IND,Sulamerica,Convenio
2,SMART,270,SUL AMERICA - EMPRES,Sulamerica,Convenio
2,SMART,270,SUL AMERICA - EMPRES (SA ),Sulamerica,Convenio
2,SMART,270,SUL AMERICA EMP,Sulamerica,Convenio
2,SMART,270,SUL AMERICA EMP (SU1),Sulamerica,Convenio
2,SMART,270,SUL AMERICA EMPRESA,Sul América,Convenio
2,SMART,270,SUL AMERICA EMPRESA (27 ),Sulamerica,Convenio
2,SMART,270,SUL AMERICA IND,Sulamerica,Convenio
2,SMART,270,SUL AMERICA IND (234),Sulamerica,Convenio
2,SMART,270,SUL AMERICA IND (42 ),Sulamerica,Convenio
2,SMART,270,SUL AMERICA INDIVID.,Sulamerica,Convenio
2,SMART,270,SUL AMERICA INDIVID. (201),Sulamerica,Convenio
2,SMART,270,SUL AMERICA PACOTE,Sulamerica,Convenio
2,SMART,270,SULAMERICA,Sulamerica,Convenio
2,SMART,270,SULAMERICA COLETIVO,Sulamerica,Convenio
2,SMART,270,SULAMERICA EMPRESA,Sulamerica,Convenio
2,SMART,270,SULAMERICA IND,Sulamerica,Convenio
2,SMART,270,SULAMERICA INDIVIDU,Sulamerica,Convenio
2,SMART,704,SUPORTE SAÚDE,Suporte Saúde,Convenio
2,SMART,1,SUS,SUS,SUS
2,SMART,1,SUS AIH,SUS,SUS
2,SMART,1,SUS CAMPANHA,SUS,SUS
2,SMART,1,SUS ESTADO,SUS,SUS
2,SMART,1,SUS MUNICIPAL,SUS,SUS
2,SMART,1,SUS MUNICIPAL (SUM),SUS,SUS
2,SMART,321,TABELA ESPECIAL,Mais Pop,Popular
2,SMART,197,TABELA OFTALMOCLIN,Mais Pop,Popular
2,SMART,197,TABELA PARTICULAR,Particular,Particular
2,SMART,197,TABELA PARTICULAR (100),Particular,Particular
2,SMART,272,TECNORAD,Parcerias,Particular
2,SMART,95,TELOS,Embratel,Convenio
2,SMART,197,TRAVEL ACE UNIVERSAL,Parcerias,Particular
2,SMART,279,TRIFIL,Parcerias,Particular
2,SMART,280,TRT 5 SAUDE,TRT,Convenio
2,SMART,280,TRT 5 SAUDE (128),TRT,Convenio
2,SMART,280,TRT5,TRT,Convenio
2,SMART,280,TRT5 - TRIBUNAL REG,TRT,Convenio
2,SMART,280,TRT5 (TRT),TRT,Convenio
2,SMART,283,UNAFISCO,Unafisco,Convenio
2,SMART,283,UNAFISCO (30 ),Unafisco,Convenio
2,SMART,283,UNAFISCO (UNF),Unafisco,Convenio
2,SMART,284,UNIDADE MOVEL,Parcerias,Particular
2,SMART,759,UNIDOR SAÚDE,Unidor,Convenio
2,SMART,285,UNIMED,Unimed Seguros,Convenio
2,SMART,291,UNIMED ANDRADE 101,Unimed PF,Convenio PF
2,SMART,291,UNIMED ANDRADE OUT,Unimed PF,Convenio PF
2,SMART,291,UNIMED DAYHORC 101,Unimed Seguros,Convenio
2,SMART,291,UNIMED DAYHORC OUTRA,Unimed Seguros,Convenio
2,SMART,291,UNIMED DR RUY 101,Unimed PF,Convenio PF
2,SMART,291,UNIMED DR RUY OUTRAS,Unimed PF,Convenio PF
2,SMART,285,UNIMED INTERCÂMBIO,Unimed Seguros,Convenio
2,SMART,291,UNIMED ISABELA C - O,Unimed PF,Convenio PF
2,SMART,291,UNIMED ISABELA C 101,Unimed PF,Convenio PF
2,SMART,291,UNIMED ISABELA C 101 (120),Unimed PF,Convenio PF
2,SMART,291,UNIMED J FABIANO 101,Unimed PF,Convenio PF
2,SMART,291,UNIMED J FABIANO OUT,Unimed PF,Convenio PF
2,SMART,291,UNIMED LAURO 101,Unimed PF,Convenio PF
2,SMART,291,UNIMED LUCIANA 1,Unimed PF,Convenio PF
2,SMART,291,UNIMED LUCIANA O,Unimed PF,Convenio PF
2,SMART,290,UNIMED NORTE NORDEST,Unimed NNE,Convenio
2,SMART,290,UNIMED NORTE-NORDEST,Unimed NNE,Convenio
2,SMART,291,UNIMED OSVALDO 101,Unimed PF,Convenio PF
2,SMART,291,UNIMED OSVALDO OUT,Unimed PF,Convenio PF
2,SMART,291,UNIMED RUY FILHO 101,Unimed PF,Convenio PF
2,SMART,291,UNIMED RUY FILHO OUT,Unimed PF,Convenio PF
2,SMART,293,UNIMED SEGUROS,Unimed Seguros,Convenio
2,SMART,322,UNIMED SEGUROS (43 ),Unimed Seguros,Convenio
2,SMART,291,UNIMED SOLANGE 1,Unimed PF,Convenio PF
2,SMART,291,UNIMED SOLANGE O,Unimed PF,Convenio PF
2,SMART,291,UNIMED TAMARA 101,Unimed PF,Convenio PF
2,SMART,291,UNIMED TAMARA OUT,Unimed PF,Convenio PF
2,SMART,323,VALE DO RIO DOCE,Vale,Convenio
2,SMART,323,VALE DO RIO DOCE (VRD),Vale,Convenio
2,SMART,197,VALE MAIS SAUDE,Parcerias,Particular
2,SMART,297,VALE SAUDE,Parcerias,Particular
2,SMART,323,VALE SAUDE - JEQUITI,Parcerias,Particular
2,SMART,297,VALE SAUDE - PANSEG,Parcerias,Particular
2,SMART,297,VALE SAÚDE SEMPRE,Parcerias,Particular
2,SMART,302,VIDA SAUDE,Parcerias,Particular
2,SMART,303,VIDA1000,Parcerias,Particular
2,SMART,76,VITA CLIVALE SAÚDE,Parcerias,Particular
2,SMART,304,VITALLIS SAUDE S/A,Medisanitas,Convenio
2,SMART,304,VITALLIS SAUDE S/A (VIT),Vitallis,Convenio
2,SMART,304,VITALLIS SAUDE S/A (VSS),Vitallis,Convenio
2,SMART,305,VITALMED,Vitalmed,Convenio
2,SMART,305,VITALMED (118),Vitalmed,Convenio
2,SMART,305,VITALMED (884),Vitalmed,Convenio
2,SMART,307,VIVENDO BEM,Parcerias,Particular
2,SMART,1,VOLUNTARIAS SUS,SUS,SUS
2,SMART,309,VR VIDROS,Parcerias,Particular
2,SMART,286,ZCENTRAL NACIO,Unimed CNU,Convenio
2,SMART,788,LIDI LABORATORIO,Lidi Laboratorio,Popular
2,SMART,789,MIL ÓCULOS,Óticas,Popular
2,SMART,22,AMIL 200 AO 450,Amil,Convenio
2,SMART,43,BRADESCO OP DE PLANO,Bradesco,Convenio
2,SMART,676,LAP MEDICINA LABORAT,Parcerias,Particular
2,SMART,344,CE AMPEB,Ambep,Convenio
2,SMART,743,IRH - SASSEPE,Sassepe,Não Identificado
2,SMART,204,MPF - PLAN ASSISTE,Plan Assiste,Não identificado
2,SMART,511,LIFEDAY,LIFEDAY,Medicina de Grupo
2,SMART,197,MARINHA DO BRASIL,Particular,Não identificado
2,SMART,784,RECIPREV SAUDE RECIFE,RECIPREV SAUDE RECIFE,Cooperativa Médica
2,SMART,744,COMPREV,Comprev,Não Identificado
2,SMART,741,HOSPITAL MILITAR DE RECIFE,Hospital Militar de Recife,Não Identificado
2,SMART,723,BANCO CENTRAL DO BRASIL,Banco Central,Não Identificado
2,SMART,746,FISCO SAUDE,Fisco Saude,Não Identificado
2,SMART,285,UNIMED RECIFE,Unimed,Cooperativa Médica
2,SMART,774,FCA SAUDE PE/PB,FCA Saude,Não Identificado
2,SMART,43,REEMBOLSO BRADESCO SAUDE,Bradesco,Seguradora Especializada em Saúde
2,SMART,270,REEMBOLSO SUL AMERICA,Sulamerica,Seguradora Especializada em Saúde
2,SMART,736,CLINICA CENTRAL CAMPO GRANDE,Clinica,Não Identificado
2,SMART,742,CAIXA,Caixa,Não Identificado
2,SMART,747,AMEPE CAMPE,Campe,Não Identificado
2,SMART,316,MULTIFOCAL CIRURGICA EIRELLI,Não Definido,Não identificado
2,SMART,0,PORTO SEGURO EMPRESA,Porto Seguro,Convenio
2,SMART,0,CONAB,Conab,Convenio
2,SMART,0,SINDPOL,Sindpol,Convenio
6,HCLOE,0,SIND. METALURGICOS,Particular PrePago,Particular
6,HCLOE,0,MEDIAL SAÚDE,Medial,Convenio
6,HCLOE,0,UNIMED NO ATO,Particular PrePago,Particular
6,HCLOE,0,AMIL,Amil,Convenio
6,HCLOE,0,SINDICATOS,Particular PrePago,Particular
6,HCLOE,0,BRADESCO SAUDE,Bradesco,Convenio
6,HCLOE,0,SUL AMÉRICA,Sulamerica,Convenio
6,HCLOE,0,CASSI,CASSI,Convenio
6,HCLOE,0,BLUE LIFE,Amil,Convenio
6,HCLOE,0,PORTO SEGURO,Porto Seguro,Convenio
6,HCLOE,0,ALLIANZ,Allianz,Convenio
6,HCLOE,0,SOMPO SAÚDE,Sompo Saúde,Convenio
6,HCLOE,0,PARTICULAR,Particular,Particular
6,HCLOE,0,HEALTH WORK,Particular,Particular
6,HCLOE,0,ASSEFAZ,Assefaz,Convenio
6,HCLOE,0,UNIMED INTERCÂMBIO,Unimed CNU,Convenio
6,HCLOE,0,UNIMED FESP,Unimed CNU,Convenio
6,HCLOE,0,NOTRE DAME,Notre Dame,Convenio
6,HCLOE,0,CABESP,Cabesp,Convenio
6,HCLOE,0,FUNDAÇÃO CESP,CESP,Convenio
6,HCLOE,0,SABESPREV,Sabesprev,Convenio
6,HCLOE,0,ITAÚ,Itaú,Convenio
6,HCLOE,0,METRUS,Metrus,Convenio
6,HCLOE,0,SÃO CRISTOVÃO NO ATO,Particular PrePago,Particular
6,HCLOE,0,CRUZ AZUL SAÚDE,Cruz Azul,Convenio
6,HCLOE,0,SOCIAL,Popular,Popular
6,HCLOE,0,LIFE,Life,Convenio
6,HCLOE,0,MEDISERVICE,Bradesco,Convenio
6,HCLOE,0,SINAM,Outros Planos,Convenio
6,HCLOE,0,BANCO CENTRAL,Bacen,Convenio
6,HCLOE,0,UNIMED SEGUROS,Unimed Seguros,Convenio
6,HCLOE,0,CAASP NO ATO,Particular PrePago,Particular
6,HCLOE,0,LINCX,Lincx,Convenio
6,HCLOE,0,NIPOMED,Nipomed,Convenio
6,HCLOE,0,PETROBRAS PETRÓLEO,Petrobras,Convenio
6,HCLOE,0,CARE PLUS,Care Plus,Convenio
6,HCLOE,0,ABET PLAMTEL,Abet Plamtel,Convenio
6,HCLOE,0,CAIXA SEGURO SAÚDE,Saude Caixa,Convenio
6,HCLOE,0,DIX AMICO,Dix Amico,Convenio
6,HCLOE,0,CLASSES NO ATO,Particular PrePago,Particular
6,HCLOE,0,MINISTERIO P FEDERAL,MPF,Convenio
6,HCLOE,0,AMAFRESP,Amafresp,Convenio
6,HCLOE,0,OMINT,Omint,Convenio
6,HCLOE,0,GAMA SAÚDE,Gama,Convenio
6,HCLOE,0,CLASSES LABORIOSAS,Classes Laboriosas,Convenio
6,HCLOE,0,POSTAL SAUDE,Postal Saúde,Convenio
6,HCLOE,0,PORQUE VER É VIVER,Outros Planos,Convenio
6,HCLOE,0,AMIL PLANOS,Amil,Convenio
6,HCLOE,0,AFPESP,AFPESP,Convenio
6,HCLOE,0,AMIL NO ATO,Particular PrePago,Particular
6,HCLOE,0,CETESB,Cetesb,Convenio
6,HCLOE,0,AETNA INTERNATIONAL,Aetna Internacional,Convenio
6,HCLOE,0,ALPITEL,Alpitel,Convenio
6,HCLOE,0,PETROBRAS DISTRIB.,BR Distribuidora,Convenio
6,HCLOE,0,UNIMED NACIONAL,Unimed CNU,Convenio
6,HCLOE,0,VALE SAUDE,Vale Saúde,Convenio
6,HCLOE,0,ESPECIAL,Especial,Convenio
6,HCLOE,0,UNIMED PAULISTANA,Unimed CNU,Convenio
6,HCLOE,0,MINISTERIO P MILITAR,MPM,Convenio
6,HCLOE,0,NOTRE D.INTERMEDICA,Notre Dame,Convenio
6,HCLOE,0,VASCO DA GAMA,Vasco Da Gama,Convenio
6,HCLOE,0,MINISTERIO PTRABALHO,MPT,Convenio
6,HCLOE,0,SEMAM,SEMAM,Convenio
6,HCLOE,0,SIND.COSTUREIRAS,Particular PrePago,Particular
6,HCLOE,0,SIND BANCO CENTRAL,Bacen,Convenio
6,HCLOE,0,MAPFRE,MAPFRE,Convenio
6,HCLOE,0,SINAI TELECOM,Sinai Telecom,Convenio
6,HCLOE,0,EXAMINE JA,Particular PrePago,Particular
6,HCLOE,0,SOCIAL-CAMPIMETRIA,Popular,Particular
6,HCLOE,0,REEMBOLSO,Particular PrePago,Particular
6,HCLOE,0,SBC SAÚDE,SBC Saúde,Convenio
6,HCLOE,0,GOODHEALTH WORLDWIDE,GoodHealth WorldWide,Convenio
6,HCLOE,0,REPASSE HOSPITAL,Repasse Hospital,Convenio
6,HCLOE,0,MCOMPANY,Mcompany,Convenio
6,HCLOE,0,INTERCLINICAS,Interclinicas,Convenio
6,HCLOE,0,CAASP ASSISTIDO,CAASP,Convenio
6,HCLOE,0,AFEMI,Afemi,Convenio
6,HCLOE,0,UP-OCUPACIONAL,Outros Planos,Convenio
6,HCLOE,0,SANTA CRUZ,Santa Cruz,Convenio
6,HCLOE,0,CARTAO COLABORADOR,Particular PrePago,Particular
6,HCLOE,0,SO+MA,SOMA,Convenio
6,HCLOE,0,PROFARMA SPECIALTY,Profarma,Convenio
6,HCLOE,0,MINISTERIO P D F T,MPDFT,Convenio
6,HCLOE,0,MASTER,Master,Convenio
6,HCLOE,0,ACAO CRIANÇAS-BRADES,Particular PrePago,Particular
6,HCLOE,0,TEM,Particular PrePago,Particular
6,HCLOE,0,UNIMED CNU,Unimed CNU,Convenio
6,HCLOE,0,UNIPREVSAÚDE,Uniprevsaude,Convenio
6,HCLOE,0,BOA VISÃO CAASP,Particular PrePago,Particular
6,HCLOE,0,GEAP,Geap,Convenio
6,HCLOE,0,HEALTHWORK CONSULTORIA E ASSESSORIA EM MED TRAB,Particular PrePago,Particular
6,HCLOE,0,GOLDEN CROSS,Golden,Convenio
6,HCLOE,0,PLASAC PLANOS DE SAÚ,Plasac,Convenio
6,HCLOE,0,AMBEP,Ambep,Convenio
6,HCLOE,0,PLANO RETINA,Plano Retina,Particular
6,HCLOE,0,PLANO 200,Plano 200,Particular
6,HCLOE,0,PROGAMA OPTY COL,Plano Colaborador Opty,Particular
6,HCLOE,0,SÓLIDA,Sólida e Sólida,Reembolso
6,HCLOE,0,BRADESCO OPERADORAS,Bradesco,Convenio
5,SADALLA,36,ACOMAC - Associacao dos Comerciantes de Material de Construcao de Joinville E Regiao,ACOMAC,Convenio
5,SADALLA,36,Ajorpeme - Consulta Flex - Clínica Visão,Particular PrePago,Particular
5,SADALLA,22,Amil - One Health,Amil,Convenio
5,SADALLA,311,Amil - Rede 843,Amil 843,Convenio
5,SADALLA,36,ASPMI - Associacao dos Servidores Publicos de Itajai,ASPMI,Convenio
5,SADALLA,36,Associação dos Aposentados e Pensionistas de Joinville,Particular PrePago,Particular
5,SADALLA,738,ÁUREOS BRASIL,Aureos,Convenio
5,SADALLA,43,Bradesco Operadora de Planos,Bradesco,Convenio
5,SADALLA,43,Bradesco Saúde  S.A,Bradesco,Convenio
5,SADALLA,245,Caixa Econômica Federal,Saude Caixa,Convenio
5,SADALLA,61,Cassi,Cassi,Convenio
5,SADALLA,64,Celos,Celos,Convenio
5,SADALLA,67,Cia Fabril Lepper,Cia Fabril,Convenio
5,SADALLA,72,Clean Card,Particular PrePago,Particular
5,SADALLA,329,Clinipam,Clinipam,Convenio
5,SADALLA,709,Clube Social Saúde,Particular PrePago,Particular
5,SADALLA,81,Colaboradores Opty,Colaboradores Opty,Convenio
5,SADALLA,313,Consent Saúde Integral,Consent Saude,Convenio
5,SADALLA,192,Dalila Têxtil,Dalila Textil,Convenio
5,SADALLA,715,DMED,DMED,Convenio
5,SADALLA,105,Fama Saúde - SC Convênios e Serviços Ltda,Fama Saude,Convenio
5,SADALLA,109,Fellows,Popular,Popular
5,SADALLA,120,Funservir - Fundo de Assist. A Saude do Servidor Publico do Municipio de Balneario Camboriu,Funservir,Convenio
5,SADALLA,123,GEAP - Clínica Visão,Geap,Convenio
5,SADALLA,124,Gidion,Particular PrePago,Particular
5,SADALLA,197,Help Franquias  ,Particular PrePago,Particular
5,SADALLA,138,Ideal Emergencias Medicas Ltda,Ideal Emergencias,Convenio
5,SADALLA,148,Instituto de Seguridade - Issem,Issem,Convenio
5,SADALLA,151,Itesc Card,Associações,Popular
5,SADALLA,152,Kard Sul Convênios,Kard Sul,Convenio
5,SADALLA,197,Labore Saúde - Clinica Sato,Particular PrePago,Particular
5,SADALLA,156,Leier,Leier,Convenio
5,SADALLA,773,LEVMED,Levmed,Convenio
5,SADALLA,511,Lifeday,Lifeday,Convenio
5,SADALLA,160,Mais Saude ,Mais Saude,Convenio
5,SADALLA,160,MAIS SAÚDE / CANDEIAS,Particular PrePago,Particular
5,SADALLA,163,MasterClin,Particular PrePago,Particular
5,SADALLA,170,MED PREV,Med Prev,Convenio
5,SADALLA,169,Mediservice Administradora de Planos de Saude Ltda,Mediservice,Convenio
5,SADALLA,667,Menegotti Ind. Met. - JGS,Menegotti,Convenio
5,SADALLA,175,Mili S/A,Mili,Convenio
5,SADALLA,707,MM Protege,Particular PrePago,Particular
5,SADALLA,722,NAÇÃO MED,Nação Med,Convenio
5,SADALLA,195,Paraná Clínicas,Paraná Clínicas,Convenio
5,SADALLA,197,Particular,Particular,Particular
5,SADALLA,200,Petrobrás,Petrobras,Convenio
5,SADALLA,200,Petrobras Distribuidora S/A,BR Distribuidora,Convenio
5,SADALLA,202,Pladisa,Pladisa,Convenio
5,SADALLA,169,Plano Catarata 400,Plano 400,Particular
5,SADALLA,205,Plano de Assistencia Familiar Alto Vale (Taioense),Particular PrePago,Particular
5,SADALLA,205,Plano de Assistência Familiar Caminho Novo,Particular PrePago,Particular
5,SADALLA,205,"Plano de Assistência Familiar Garuva, Itapoá e Guaratuba","Plano de Assistencia Familiar Garuva, Itapoá e Guaratuba",Convenio
5,SADALLA,720,PLANO FAMILIAR UNIÃO,Particular PrePago,Particular
5,SADALLA,718,Plano Rohweder - JGS,Particular PrePago,Particular
5,SADALLA,212,Plassma ,Plassma,Convenio
5,SADALLA,225,Preville,Preville,Convenio
5,SADALLA,708,Príncipe Assist. Familiar / Jardim das Flores,Particular PrePago,Particular
5,SADALLA,233,Redesul,Particular PrePago,Particular
5,SADALLA,715,Refrativa Plano 400,Plano 400,Particular
5,SADALLA,179,Sadalla Médicos Externos,Sadalla MPE,Convenio
5,SADALLA,215,Sadalla Popular,Popular,Popular
5,SADALLA,242,"Santa e Bela Catarina - Grupo SBC, SIS, SISMED, Sistema Viva Mais",SISMED,Convenio
5,SADALLA,702,SAÚDE JOIVILLE,Saude Joinville,Convenio
5,SADALLA,702,Saúde Vila Nova / Saúde Joinville,Saude Joinville,Convenio
5,SADALLA,249,SC Convênios,SC Convenios,Convenio
5,SADALLA,249,SC Saúde,SC Saúde,Convenio
5,SADALLA,317,Schulz - Clínica Visão,Schulz,Convenio
5,SADALLA,675,Shido Saúde Ocupacional - Clínica Visão,Particular PrePago,Particular
5,SADALLA,256,Sidesc Card,Particular PrePago,Particular
5,SADALLA,258,Siloé - Fundição Curitiba - Clínica Visão,Particular PrePago,Particular
5,SADALLA,258,Sind. Construção,Particular PrePago,Particular
5,SADALLA,258,Sind. Empregados Comércio de Brusque (Fórum),Particular PrePago,Particular
5,SADALLA,258,Sind. Empregados Comércio de Jaraguá do Sul - JGS,Particular PrePago,Particular
5,SADALLA,258,Sind. Empregados Comércio de Joinville e Região,Particular PrePago,Particular
5,SADALLA,258,Sind. Empregados Estabelecimento Saúde de Joinville e Região,Particular PrePago,Particular
5,SADALLA,258,Sind. Mecânicos,Particular PrePago,Particular
5,SADALLA,258,"Sind. Nacional Aposentados, Pensionistas e Idosos (Fórum)",Particular PrePago,Particular
5,SADALLA,258,Sind. Passageiros,Particular PrePago,Particular
5,SADALLA,258,Sind. Quimicos,Particular PrePago,Particular
5,SADALLA,258,Sind. Servidores Guaratuba (SISMUG),Particular PrePago,Particular
5,SADALLA,258,Sind. Sinditherme,Particular PrePago,Particular
5,SADALLA,258,Sind. Trab. Ind. Vestuário de Brusque (Fórum),Particular PrePago,Particular
5,SADALLA,258,Sind. Trab. Ind. Vestuário de Jaraguá do Sul,Particular PrePago,Particular
5,SADALLA,258,Sind. Trab. Metalúrgicos de Joinville,Particular PrePago,Particular
5,SADALLA,258,Sind. Trab. Rurais de Jaraguá do Sul - JGS,Particular PrePago,Particular
5,SADALLA,258,Sind. Transportes e Cargas,Particular PrePago,Particular
5,SADALLA,258,"Sindmestre - Sind. dos Mestres, nas Ind. Fiacao de Brusque  (Fórum)",Particular PrePago,Particular
5,SADALLA,222,Sistema Prever ,Prever,Convenio
5,SADALLA,215,Social,Popular,Popular
5,SADALLA,266,Sto Antonio / Transtusa,Particular PrePago,Particular
5,SADALLA,270,Sul America,Sulamerica,Convenio
5,SADALLA,1,SUS - Sistema Único de Saúde,SUS,SUS
5,SADALLA,314,Tupy S/A,Tupy,Convenio
5,SADALLA,285,Unimed,Unimed Seguros,Convenio
5,SADALLA,292,Unimed Federação SC,Unimed Seguros,Convenio
5,SADALLA,296,Vaicard Cartões,Particular PrePago,Particular
5,SADALLA,300,Veja Bem,Popular,Popular
5,SADALLA,300,Veja Bem Fellows,Popular,Popular
5,SADALLA,729,VENHA LÁPIS,Particular PrePago,Particular
5,SADALLA,308,Viver Benefícios,Particular PrePago,Particular
5,SADALLA,332,Weg Drives - JGS,Weg,Convenio
5,SADALLA,332,Weg Equipamentos Eletricos - JGS,Weg,Convenio
5,SADALLA,332,Weg Paumar - JGS,Weg,Convenio
5,SADALLA,270,Sul America - Rede Exclusiva ,Sulamerica,Convenio
5,SADALLA,779,Plano Refrativa Especial,Plano 400,Popular
5,SADALLA,258,Sind. Trab. Ind. Fiação e Tecelagem de Brusque (Fórum),Sindicatos,Popular
5,SADALLA,36,ADEJ - Associação dos Deficientes Físicos de Joinville,Associações,Popular
5,SADALLA,258,Sind. Trab. Rurais de Luiz Alves,Sindicatos,Popular
5,SADALLA,160,Prevsaude / Mais Saude,Mais Saude,Convenio
5,SADALLA,785,Sind. Trab. Ind. Construção e Mobiliário de Brusque (Fórum),Sind Construção e Mobiliário de Brusque,Popular
5,SADALLA,786,Sind. Condutores Autônomos (Taxistas) de Joinville,Sind. Condutores autônomos (Taxistas) de Joinville,Popular
5,SADALLA,258,"Sind. Trab. Ind. Metalúrgicas, Mecânicas de Brusque (Fórum)",Sindicatos,Popular
5,SADALLA,160,Prevsaude / Maisa saude / Candeias,Mais Saude,Popular
5,SADALLA,270,Sul America - Rede Exclusiva,Sulamerica,Convenio
5,SADALLA,222,Sistema Prever,Prever,Popular
5,SADALLA,0,ACOMAC - Jaraguá do Sul,Particular PrePago,Particular
5,SADALLA,0,Sind. Trab. Ind. Quimica de Jaraguá do Sul-JGS,Sindicatos,Popular
5,SADALLA,0,Sind. Trab. Rurais de Barra Velha,Sindicatos,Popular
5,SADALLA,0,Sind. Estivadores de São Francisco do Sul,Sindicatos,Popular
5,SADALLA,0,Sind. Estivadores de São Francisco do Sul,Sindicatos,Popular
5,SADALLA,0,Sind. Graficos,Sindicatos,Popular
